path,title,artist,album,year,duration_ms,spotify_track_id,spotify_url,match_score,match_title,match_artist
4 Strings - Lights Out (Original Mix).mp3,Lights Out,4 Strings,,,313887,1YfV5hauGiF9ZM6MW6DQDG,https://open.spotify.com/track/1YfV5hauGiF9ZM6MW6DQDG,1,Lights Out,4 Strings
5 Seconds Of Summer - Youngblood (Alt Version).mp3,Youngblood (Alt Version),5 Seconds Of Summer,,,205662,6NnrABRPQdGmWRssVFYTAA,https://open.spotify.com/track/6NnrABRPQdGmWRssVFYTAA,0.7,Youngblood - Live,5 Seconds of Summer
Afrojack - Rock The House (Official Music Video).mp3,Rock The House,Afrojack,,,305554,3J57KX2pdbNW4SWoV1QYwR,https://open.spotify.com/track/3J57KX2pdbNW4SWoV1QYwR,0.9,Rock The House,AFROJACK
Algorhythm - I Don't Know How (feat Vangosh - Beto Dias & Felipe Wrechiski remix) - Copy (1).mp3,I Don't Know How (feat Vangosh - Beto Dias & Felipe Wrechiski remix) - Copy (1),Algorhythm,,,398289,04uug95UbkxW39rFd93Pta,https://open.spotify.com/track/04uug95UbkxW39rFd93Pta,0.4,I Don't Know,"DJ ELO, ZYZZCVNT"
Algorhythm - I Don't Know How (feat Vangosh - Beto Dias & Felipe Wrechiski remix) - Copy (2).mp3,I Don't Know How (feat Vangosh - Beto Dias & Felipe Wrechiski remix) - Copy (2),Algorhythm,,,398289,6p7ifKvDurKJQjPweI6sUs,https://open.spotify.com/track/6p7ifKvDurKJQjPweI6sUs,0,I Don't Know - Slowed,Veylow
Algorhythm - I Don't Know How (feat Vangosh - Beto Dias & Felipe Wrechiski remix).mp3,I Don't Know How (feat Vangosh - Beto Dias & Felipe Wrechiski remix),Algorhythm,,,398289,0kocV39gxuEDkuXkYbAwgp,https://open.spotify.com/track/1riwr8ynXe2I2NPlldCwEu,0.633,don'tknowwheretogo,Fay Wildhagen
Aquascape Makassar Go Green My Bedroom.mp3,Aquascape Makassar Go Green My Bedroom,,,,151589,3acYyNAO0NmcZQGeewNKFj,https://open.spotify.com/track/3acYyNAO0NmcZQGeewNKFj,0,The Johnny Cash Trail,"Sun Kil Moon, Mark Kozelek"
Audien - Elysium (OUT NOW).mp3,Elysium,Audien,,,97437,2cYd1WlfIjQ4r4ZdNRWhZS,https://open.spotify.com/track/2cYd1WlfIjQ4r4ZdNRWhZS,0.9,Elysium,Audien
Audio Bullys - I'm In Love.mp3,I'm In Love,Audio Bullys,,,187507,07Kk2yC0HYQ1Fn7hYEq9in,https://open.spotify.com/track/07Kk2yC0HYQ1Fn7hYEq9in,0.9,I'm In Love,Audio Bullys
Audio Bullys ft. Nancy Sinatra - Bang Bang HQ.mp3,Bang Bang HQ,Audio Bullys ft. Nancy Sinatra,,,413048,0KNsDuBaORrBsYlOlsMDNK,https://open.spotify.com/track/0KNsDuBaORrBsYlOlsMDNK,0,Nancy Sinatra,Granville
Bass King Vs. X-Vertigo feat. Golden Sun - Kings (Music Video).mp3,Kings (Music Video),Bass King Vs. X-Vertigo feat. Golden Sun,,,225776,0PjGxOaBFjQfesMeT5HbAw,https://open.spotify.com/track/0PjGxOaBFjQfesMeT5HbAw,0,Klask,"Kudos, Madcum"
Basto & Yves V - CloudBreaker (Radio Mix).mp3,CloudBreaker (Radio Mix),Basto & Yves V,,,201012,1UZfthwGFQvhyOLVO1ubE1,https://open.spotify.com/track/33w8uhoFjr7Y9FkzHDf94f,1.000,Coco Chanel,"Jiyo, Rap La Rue"
Basto - Again and Again (Official Music Video) [HD].mp3,Again and Again,Basto,,,195788,3yH57uoM6DiDCFKHQeEYOr,https://open.spotify.com/track/3yH57uoM6DiDCFKHQeEYOr,0.3,We Rise Again,Basto
Basto - BONNY (Original Mix).mp3,BONNY,Basto,,,403984,6Ydb4Owr9KxgszKBOpiGoQ,https://open.spotify.com/track/6Ydb4Owr9KxgszKBOpiGoQ,1,Bonny,Basto
Basto - Gregory's Theme (Original Mix).mp3,Gregory's Theme,Basto,,,428016,3FGD77E7LQ8r05GVZ69AVq,https://open.spotify.com/track/3FGD77E7LQ8r05GVZ69AVq,0.7,Gregory's Theme - Radio Edit,Basto
Basto - I Rave You (Original Mix).mp3,I Rave You,Basto,,,325172,6AdO3lwtelkxgR5APR7JfJ,https://open.spotify.com/track/6AdO3lwtelkxgR5APR7JfJ,1,I Rave You,Basto
Ben Pearce - What I Might Do (Official Video).mp3,What I Might Do,Ben Pearce,,,188709,4Rnfx020sYy3YoxvA3oMS2,https://open.spotify.com/track/4Rnfx020sYy3YoxvA3oMS2,0.95,What I Might Do,Ben Pearce
Benny Benassi - No matter what you do.mp3,No matter what you do,Benny Benassi,,,206002,7K0o4DqoSCwHAJFs9ystBp,https://open.spotify.com/track/7K0o4DqoSCwHAJFs9ystBp,0.8,No Matter What You Do,"Benny Benassi, The Biz"
Benny Benassi ft. Gary Go - Cinema [OFFICAL VIDEO HD].mp3,Cinema [OFFICAL VIDEO HD],Benny Benassi ft. Gary Go,,,209580,1GD5ooLHgV9nolrem1DBiB,https://open.spotify.com/track/1GD5ooLHgV9nolrem1DBiB,0.4,The Veldt Cinema - BYNX Edit,"deadmau5, Benny Benassi, Gary Go, BYNX"
Benny Benassi ft. Gary Go - Control [Official Video HD].mp3,Control,Benny Benassi ft. Gary Go,,,227187,1b2wViwhvtmJU6B8wCGsLi,https://open.spotify.com/track/1b2wViwhvtmJU6B8wCGsLi,0,Laying Low,Chillinit
Blasterjaxx - Fifteen (Hardwell Edit) - [OUT NOW!].mp3,Fifteen (Hardwell Edit) -,Blasterjaxx,,,311719,1h96lhczwxFZKLSdpRUQkg,https://open.spotify.com/track/1h96lhczwxFZKLSdpRUQkg,0.65,Fifteen - Hardwell Edit,"Blasterjaxx, Hardwell"
Calvin Harris & Alesso - Under Control ft. Hurts.mp3,Under Control ft. Hurts,Calvin Harris & Alesso,,,210442,7nAXfUXXKEiJpSimISdBO7,https://open.spotify.com/track/7nAXfUXXKEiJpSimISdBO7,0.5,Under Control (Originally Performed by Calvin Harris & Alesso ft. Hurts) [Karaoke Version],Dirty Beats Nation
Calvin Harris - Bounce ft. Kelis.mp3,Bounce ft. Kelis,Calvin Harris,,,230766,5h9tqwOWEdpOduemnAORDg,https://open.spotify.com/track/5h9tqwOWEdpOduemnAORDg,0.4,Bounce (made popular by Calvin Harris ft. Kelis) [vocal version],Party Tyme
Calvin Harris - Let's Go ft. Ne-Yo.mp3,Let's Go ft. Ne-Yo,Calvin Harris,,,246204,3IGzuI2gNj928brIQoLRH2,https://open.spotify.com/track/3IGzuI2gNj928brIQoLRH2,0.4,Let's Go (made popular by Calvin Harris ft. Ne-Yo) [vocal version],Party Tyme
Calvin Harris - Sweet Nothing ft. Florence Welch.mp3,Sweet Nothing ft. Florence Welch,Calvin Harris,,,268878,4QVmCvjMWcRKnXlEnL88Vx,https://open.spotify.com/track/4QVmCvjMWcRKnXlEnL88Vx,0.4,Sweet Nothing (made popular by Calvin Harris ft. Florence Welch) [backing version],Party Tyme
Calvin Harris feat. Example - We'll Be Coming Back (Lyrics).mp3,We'll Be Coming Back,Calvin Harris feat. Example,,,232020,7B1Dl3tXqySkB8OPEwVvSu,https://open.spotify.com/track/7B1Dl3tXqySkB8OPEwVvSu,0.7,We'll Be Coming Back (feat. Example),"Calvin Harris, Example"
Carnage & Borgore - Incredible (Original Mix).mp3,Incredible,Carnage & Borgore,,,376973,6fgbPCCH3zTKhxOQzQZnHx,https://open.spotify.com/track/6fgbPCCH3zTKhxOQzQZnHx,0,Winning Endgame,Young ELO
Cedric Gervais & Borgore - Deception (Original Mix).mp3,Deception,Cedric Gervais & Borgore,,,345469,74nIm9QrKDel3mLozTXk3Q,https://open.spotify.com/track/74nIm9QrKDel3mLozTXk3Q,0.7,Deception,"Cedric Gervais, Borgore"
Cedric Gervais & CID - Never Come Close (OUT NOW).mp3,Never Come Close,Cedric Gervais & CID,,,130821,4U7vudDb1YIAX4vSZpeHMQ,https://open.spotify.com/track/4U7vudDb1YIAX4vSZpeHMQ,0.6,Never Come Close,"Cedric Gervais, CID"
Cedric Gervais - Molly (Original Mix).mp3,Molly,Cedric Gervais,,,412996,0hdiDzQu1FsfaYM1NIL8ma,https://open.spotify.com/track/0hdiDzQu1FsfaYM1NIL8ma,0.8,Molly,"Tyga, Cedric Gervais, Wiz Khalifa, Mally Mall"
Cedric Gervais - The Look (Original Mix).mp3,The Look,Cedric Gervais,,,282358,4ExaqtYL5rVeg3NCMucqHy,https://open.spotify.com/track/4ExaqtYL5rVeg3NCMucqHy,1,The Look,Cedric Gervais
Chase & Status - Count On Me ft. Moko.mp3,Count On Me ft. Moko,Chase & Status,,,229564,5XmKJXidSzQC2aUk35oLyt,https://open.spotify.com/track/4daeTf81vXqeRzwsNZhQE7,0.643,Count On Me (Originally Performed By Chase & Status ft. Moko) [Karaoke Version],Modern Pop United
Chuckie - Who Is Ready To Jump (Dada Life Remix).mp3,Who Is Ready To Jump (Dada Life Remix),Chuckie,,,313313,34wEODnh0QDcpcONOtHl0B,https://open.spotify.com/track/34wEODnh0QDcpcONOtHl0B,0.8,Who Is Ready To Jump - Dada Life Remix,Chuckie
CLMD - Black Eyes and Blue (official video).mp3,Black Eyes and Blue,CLMD,,,218279,2u0vwXHnI0cl2hs9UwmHYO,https://open.spotify.com/track/2u0vwXHnI0cl2hs9UwmHYO,0.9,Black Eyes and Blue,CLMD
CLMD - Falling Like Angels.mp3,Falling Like Angels,CLMD,,,211461,5B9K4fd9T7A17P8oFb9GWS,https://open.spotify.com/track/5B9K4fd9T7A17P8oFb9GWS,0.9,Falling Like Angels,CLMD
Coldplay - Paradise (Fedde le Grand Remix).mp3,Paradise (Fedde le Grand Remix),Coldplay,,,266893,4cVUwET6QBkiWUdGVNSYPt,https://open.spotify.com/track/4cVUwET6QBkiWUdGVNSYPt,0.2,feelslikeimfallinginlove - Zerb x Coldplay,"Coldplay, Zerb"
Crooklyn Clan - Let's Get Ill (Dirty) (AV161).mp3,Let's Get Ill (Dirty) (AV161),Crooklyn Clan,,,202005,55lfbxKEGBsAm2HJya0xKq,https://open.spotify.com/track/55lfbxKEGBsAm2HJya0xKq,0.05,Limmo,"Dirty Oppland, MadsMedD, Jaa9, Akjeft, Pi, Sjakkmats, OnklP"
Daft Punk - Get Lucky (Audio Jacker Remix).mp3,Get Lucky,Daft Punk,,,453329,69kOkLUCkxIZYexIgSG8rq,https://open.spotify.com/track/69kOkLUCkxIZYexIgSG8rq,0.8,Get Lucky (feat. Pharrell Williams and Nile Rodgers),"Daft Punk, Pharrell Williams, Nile Rodgers"
David Solano ft. Angelika Vee - Who We Are (OUT NOW).mp3,Who We Are,David Solano ft. Angelika Vee,,,120242,7LLrIlKE8zKhxr1eg2uVlD,https://open.spotify.com/track/7LLrIlKE8zKhxr1eg2uVlD,0,Ascend,"Victoria Orenze, Nathaniel Bassey"
Deadmau5 - Brazil (2nd Edit) (1080p)  HD.mp3,Brazil (2nd Edit) (1080p) HD,Deadmau5,,,398968,5CX19RynzN2Izq6JQj862Z,https://open.spotify.com/track/5CX19RynzN2Izq6JQj862Z,0.600,Brazil - 2nd Edit,deadmau5
Deorro - Yee [OUT NOW!].mp3,Yee,Deorro,,,217940,4NfK4exuaNuABn75exD5Gq,https://open.spotify.com/track/4NfK4exuaNuABn75exD5Gq,0.9,Yee,Deorro
Dimitri Vegas & Like Mike vs Sander van Doorn - Project T (Martin Garrix Remix).mp3,Project T (Martin Garrix Remix),Dimitri Vegas & Like Mike vs Sander van Doorn,,,310570,33saa6gZxyaMNpT9VGuhM2,https://open.spotify.com/track/4UPryYl7gK33A4apqKaG0Y,0.656,Feite Damer (The Broject),"Øsen, Da Dønk Project"
Dimitri Vegas & Like Mike vs. Sander van Doorn - Project T (Martin Garrix Remix) [Teaser].mp3,Project T (Martin Garrix Remix),Dimitri Vegas & Like Mike vs. Sander van Doorn,,,96993,0Hu7MIDZWEiipqaN2UBCet,https://open.spotify.com/track/0Hu7MIDZWEiipqaN2UBCet,0,Heroine,"Dimitri Vegas & Like Mike, Dimitri Vegas"
Disclosure - White Noise ft. AlunaGeorge (Official Video) - Copy (1).mp3,White Noise ft. AlunaGeorge - Copy (1),Disclosure,,,282253,4US7CwkiBfnz3aU3jbgdT9,https://open.spotify.com/track/4US7CwkiBfnz3aU3jbgdT9,0.65,White Noise,"Disclosure, AlunaGeorge"
Disclosure - White Noise ft. AlunaGeorge (Official Video).mp3,White Noise ft. AlunaGeorge,Disclosure,,,282253,4pQyRWJxasoDny2RxiRkda,https://open.spotify.com/track/4pQyRWJxasoDny2RxiRkda,0.6,White Noise,"Disclosure, AlunaGeorge"
Discopolis - Committed to Sparkle Motion (DubVision Remix).mp3,Committed to Sparkle Motion (DubVision Remix),Discopolis,,,364460,4F6P9kNwtx25mqH1NJqfYY,https://open.spotify.com/track/4F6P9kNwtx25mqH1NJqfYY,0.6,Committed to Sparkle Motion - DubVision Remix,"Discopolis, DubVision"
Dj Chuckie - Who is ready to jump (Original Mix).mp3,Who is ready to jump,Dj Chuckie,,,225123,15e36HTrKSAIPbBU3tYgEC,https://open.spotify.com/track/15e36HTrKSAIPbBU3tYgEC,0.7,Who Is Ready To Jump - Club Mix,Chuckie
DJ Dan & Charles Feelgood - Funky Mood.mp3,Funky Mood,DJ Dan & Charles Feelgood,,,365897,0L9DlyVevVLSnq57PLKNCJ,https://open.spotify.com/track/0L9DlyVevVLSnq57PLKNCJ,0.7,Funky Mood,"Charles Feelgood, DJ Dan"
DJ Dan - Out of Nowhere - Guesthouse Music.mp3,Out of Nowhere - Guesthouse Music,DJ Dan,,,356310,2PivL4Oy1PoUsArjrhbSnm,https://open.spotify.com/track/2PivL4Oy1PoUsArjrhbSnm,0.8,Out of Nowhere,DJ Dan
Dj getdown-i'm a Fucking alcoholic.mp3,Dj getdown-i'm a Fucking alcoholic,,,,288052,54BIzFJFloSmNSqBxSSl41,https://open.spotify.com/track/54BIzFJFloSmNSqBxSSl41,0,The Theory Of Relativity,Stars
Don Diablo - Origins (Official Music Video).mp3,Origins,Don Diablo,,,223086,4MMPxiwMPBHE7c25yTalai,https://open.spotify.com/track/4MMPxiwMPBHE7c25yTalai,0.9,Origins,Don Diablo
Dr. Kucho! & Gregor Salto - Can't Stop Playing (Oliver Heldens & Gregor Salto Remix) [OUT NOW].mp3,Can't Stop Playing (Oliver Heldens & Gregor Salto Remix),Dr. Kucho! & Gregor Salto,,,180532,4vTvus8VUlimhegjaHwPyA,https://open.spotify.com/track/4vTvus8VUlimhegjaHwPyA,0.6,Can't Stop Playing (feat. Ane Brun) [Cian McFeely Remix],"DR. KUCHO!, Gregor Salto, Cian McFeely, Ane Brun"
Droplex - Killa Kokain (Original mix).mp3,Killa Kokain,Droplex,,,185887,3J7Mro7WAYxqqCXkUzPqtO,https://open.spotify.com/track/3J7Mro7WAYxqqCXkUzPqtO,0.9,Killa Kokain,Droplex
DVBBS & Borgeous - TSUNAMI (Music Video).mp3,TSUNAMI (Music Video),DVBBS & Borgeous,,,146860,2n3zCFoj5VM9UYGDeiUlPs,https://open.spotify.com/track/2n3zCFoj5VM9UYGDeiUlPs,0.6,Tsunami,R3HAB
Erick Morillo & Eddie Thoneick feat. Shawnee Taylor - Live Your Life (Official Video).mp3,Erick Morillo & Eddie Thoneick feat. Shawnee Taylor,,,,207308,5BdX8V4EBU0ayzJtBXcKoy,https://open.spotify.com/track/5BdX8V4EBU0ayzJtBXcKoy,0,Lost In You - Erick Morillo & Harry Romero Remix,"Erick Morillo, Eddie Thoneick, Angel Taylor, Harry Romero"
Example - Show Me How to Love (feat. Hayla) [Lyric Video].mp3,Show Me How to Love (feat. Hayla),Example,,,216111,5O6lpX4yONTZVSeQC5bncX,https://open.spotify.com/track/5O6lpX4yONTZVSeQC5bncX,0.9,Show Me How to Love (feat. Hayla),"Example, HAYLA"
Fash & Nick Hussey - Shine (Dirty Freek Cino Edit).mp3,Shine (Dirty Freek Cino Edit),Fash & Nick Hussey,,,371017,7GWZC8XrmvdeFAHDyRY1TN,https://open.spotify.com/track/7GWZC8XrmvdeFAHDyRY1TN,0.6,Shine,Atle Pettersen
Fedde le Grand & Nicky Romero ft. Matthew Koma - Sparks (Official Video) @ Ultra Music Festival.mp3,Sparks @ Ultra Music Festival,Fedde le Grand & Nicky Romero ft. Matthew Koma,,,174968,6uTCim4OGFZOauCqHWIpu9,https://open.spotify.com/track/6uTCim4OGFZOauCqHWIpu9,0.1,Heaven (feat. Sofia Quinn) - Club Mix,"Fedde Le Grand, Robert Falcon, Sofia Quinn"
Fedde le Grand - Metrum (Official release).mp3,Metrum,Fedde le Grand,,,338103,0GEQCUbNLrpLwMC1q1KRDh,https://open.spotify.com/track/0GEQCUbNLrpLwMC1q1KRDh,0.8,Metrum - Original Club Mix,Fedde Le Grand
Fedde Le Grand - So Much Love (Official Music Video).mp3,So Much Love,Fedde Le Grand,,,242181,5cJvhn5VKVDfUZNqO2jOT4,https://open.spotify.com/track/5cJvhn5VKVDfUZNqO2jOT4,0.7,So Much Love - Radio Edit,Fedde Le Grand
Filatov - Back in the Love (Dmitry Filatov Mix)  .rpt.mp3,Back in the Love (Dmitry Filatov Mix) .rpt,Filatov,,,434286,2jvLrxgUAb0vxtvJa4I8fg,https://open.spotify.com/track/2jvLrxgUAb0vxtvJa4I8fg,0,Invite Only,Dthang
Firebeatz & Schella - Wicked (Original Mix).mp3,Wicked,Firebeatz & Schella,,,316134,0W9w672xCxil4UohSbrtMy,https://open.spotify.com/track/0W9w672xCxil4UohSbrtMy,0.7,Wicked,"Firebeatz, Schella"
Funk Agenda - What The Fuck.mp3,What The Fuck,Funk Agenda,,,396460,3R3xZdFKzn7yTjAiFcOLiK,https://open.spotify.com/track/3R3xZdFKzn7yTjAiFcOLiK,0.5,What The Fuck - Original Club Mix,Funkagenda
Futuristic Polar Bears - Back To Earth [OUT NOW!].mp3,Back To Earth,Futuristic Polar Bears,,,330449,0F3bp1LEBpPXWs8kbBlynk,https://open.spotify.com/track/0F3bp1LEBpPXWs8kbBlynk,0.9,Back To Earth,Futuristic Polar Bears
Get Shaky - The Ian Carey Project wlyrics.mp3,The Ian Carey Project wlyrics,Get Shaky,,,379167,4AQ7NZtUhot894zLyFdXc2,https://open.spotify.com/track/4AQ7NZtUhot894zLyFdXc2,0.05,Last Night (feat. Bobby Anthony & Snoop Dogg) - Dani L. Mebius Remix,"Ian Carey, Bobby Anthony, Snoop Dogg, Dani L. Mebius"
Gorgon City - Ready For Your Love ft. MNEK.mp3,Ready For Your Love ft. MNEK,Gorgon City,,,207151,1y7agAufBsudgRXuq6Ekqb,https://open.spotify.com/track/3Kr7UHOUkgaH4PK3Mp1fUP,0.642,Ready For Your Love,"Felix Jaehn, Sophie Ellis-Bextor"
Henry Fong & Toby Green - Revival (Original Mix).mp3,Revival,Henry Fong & Toby Green,,,331938,6qKr5DEHMhyD8HugUyD19C,https://open.spotify.com/track/6qKr5DEHMhyD8HugUyD19C,0,Roll Call,"Thomas & Friends, Mattel"
Ian Carey & Doron feat. Ray J and Kardinal Offishall - Baddest Chick (Official Music Video).mp3,Baddest Chick,Ian Carey & Doron feat. Ray J and Kardinal Offishall,,,184477,5LOKIyPU0CHB5RA7Qjn5jn,https://open.spotify.com/track/5LOKIyPU0CHB5RA7Qjn5jn,0,Plz,Amara
J Paul Getto - Love Is True (Wise D & Kobe remix).mp3,Love Is True (Wise D & Kobe remix),J Paul Getto,,,226900,0jAMoCI28aRJ7oh1RvtVE5,https://open.spotify.com/track/0jAMoCI28aRJ7oh1RvtVE5,0.3,The Vibe,J Paul Getto
Jamnights - Big Fun! (Agent Stereo Needs Some Fun-K Remix).mp3,Big Fun! (Agent Stereo Needs Some Fun-K Remix),Jamnights,,,368039,5H46e2ffRLjM8hsWuMusKe,https://open.spotify.com/track/5H46e2ffRLjM8hsWuMusKe,0,Promise (Go And Get Your Tickets Mix) (feat. R.Kelly),"Ciara, R. Kelly"
"Jason Risk - 1, 2, 3, Yeah (Chris Bullen Remix) [Hype Recordings].mp3","1, 2, 3, Yeah (Chris Bullen Remix) [Hype Recordings]",Jason Risk,,,260049,4VqdAm65fW0okSfBKnXG0u,https://open.spotify.com/track/4VqdAm65fW0okSfBKnXG0u,0,Bullrun,"STARBOYS, HENK, Lille Saus, NIL$$EN, D70"
Kat Krazy feat. elkka - Siren (Official Music Video).mp3,Siren,Kat Krazy feat. elkka,,,248398,6UUhruYdm0bgynD8ERUHmL,https://open.spotify.com/track/0l1gk9p3Yy86CJ11MrD9cu,0.851,Siren - Armin van Buuren Remix,"Kat Krazy, Elkka, Armin van Buuren"
Kelis - 4th Of July (Fireworks).mp3,4th Of July (Fireworks),Kelis,,,225776,5CvuiEJ8sHm5mVUCK83lCk,https://open.spotify.com/track/5CvuiEJ8sHm5mVUCK83lCk,0.9,4th Of July (Fireworks),Kelis
Kelis - Acapella.mp3,Acapella,Kelis,,,243801,3B3A4mqiRhspnA3VCyfEbb,https://open.spotify.com/track/3B3A4mqiRhspnA3VCyfEbb,0.95,Acapella,Kelis
Kelis - Brave.mp3,Brave,Kelis,,,219925,3qxVga3DB8cThXKKp1Xbfo,https://open.spotify.com/track/3qxVga3DB8cThXKKp1Xbfo,0.9,Brave,Kelis
Kelis - Scream.mp3,Scream,Kelis,,,217992,7kppK30KijG6VGb7VasWsa,https://open.spotify.com/track/7kppK30KijG6VGb7VasWsa,0.9,Scream,Kelis
Klangkarussell - Sonnentanz.mp3,Sonnentanz,Klangkarussell,,,362397,4YRvb9B8cgvhst11qk8CKn,https://open.spotify.com/track/4YRvb9B8cgvhst11qk8CKn,1,Sonnentanz,Klangkarussell
Knife Party - 'Power Glove' - OUT NOW.mp3,'Power Glove',Knife Party,,,261251,6qpaTfe6rCl55xEPT4F7Hp,https://open.spotify.com/track/6qpaTfe6rCl55xEPT4F7Hp,0.8,Power Glove,Knife Party
Knife Party - Internet Friends (Hardwell Original Mix Edit).mp3,Internet Friends (Hardwell Original Mix Edit),Knife Party,,,290926,5qFL2uwfnGU8FccwLMgPNQ,https://open.spotify.com/track/6toQdWWc4noiOk3Eo5mVDS,0.975,Beat Box 3 (feat. DaBaby),"SpotemGottem, DaBaby"
Koen Groeneveld - Jetblast (OUT NOW).mp3,Jetblast,Koen Groeneveld,,,171807,2mNQT9sJlojkxmyZPELhVc,https://open.spotify.com/track/2mNQT9sJlojkxmyZPELhVc,0.9,Jetblast,Koen Groeneveld
Lady Lago - Star Chaser (Club Mix).mp3,Star Chaser (Club Mix),Lady Lago,,,332643,4GI5z55l6yh2TEu9fASg74,https://open.spotify.com/track/11hQvcLydGTyXS3Wo6AkmW,0.658,Wasted (feat. Plies),"Gucci Mane, Plies"
Lana Del Rey vs Cedric Gervais - Young & Beautiful (Remix) [Official Music Video].mp3,Young & Beautiful,Lana Del Rey vs Cedric Gervais,,,232490,2nMeu6UenVvwUktBCpLMK9,https://open.spotify.com/track/4O1etEzE7zc8ZO80KNd5GZ,0.658,Every Girl Gets Her Wish,Saint Avangeline
Lexy & K-Paul - If I gave you my digits (Lexy rmx).mp3,If I gave you my digits (Lexy rmx),Lexy & K-Paul,,,394397,04PWLu7ROateUZ4a0PdQFT,https://open.spotify.com/track/04PWLu7ROateUZ4a0PdQFT,0.7,If I Gave You My Digits - Lexy Rmx,"Lexy & K-Paul, Data MC"
LMFAO (ft Natalia Kills) - Champagne Showers.mp3,Champagne Showers,LMFAO (ft Natalia Kills),,,270132,2qjC1EExeYdtxxQ9eGnkU1,https://open.spotify.com/track/2qjC1EExeYdtxxQ9eGnkU1,0.6,Champagne Showers (made popular by LMFAO ft. Natalia Kills) [backing version],Party Tyme
LMFAO - Champagne Showers ft. Natalia Kills.mp3,Champagne Showers ft. Natalia Kills,LMFAO,,,401215,4HWwREvQJ7k72g0KPdZMqj,https://open.spotify.com/track/4HWwREvQJ7k72g0KPdZMqj,0.4,Champagne Showers (In the Style of Lmfao Ft. Natalia Kills) [Karaoke Version],Mr. Entertainer Karaoke
LMFAO - Sexy and I Know It.mp3,Sexy and I Know It,LMFAO,,,203624,70Vdd1gx5tn84jkAU31ASv,https://open.spotify.com/track/70Vdd1gx5tn84jkAU31ASv,0.95,Sexy And I Know It,LMFAO
LMFAO - Shots ft. Lil Jon.mp3,Shots ft. Lil Jon,LMFAO,,,253127,1V4jC0vJ5525lEF1bFgPX2,https://open.spotify.com/track/1V4jC0vJ5525lEF1bFgPX2,0.6,Shots,"LMFAO, Lil Jon"
Loleatta Holloway - Love Sensation - WhiteNoize Remix - Ultra Records.mp3,Love Sensation - WhiteNoize Remix - Ultra Records,Loleatta Holloway,,,384157,46wyp7ufFj7sYUluEQhsXt,https://open.spotify.com/track/46wyp7ufFj7sYUluEQhsXt,0.8,Love Sensation - WhiteNoize Remix,Loleatta Holloway
Lost Frequencies ft. The NGHBRS - Like I Love You (Official Music Video).mp3,Like I Love You,Lost Frequencies ft. The NGHBRS,,,190171,1o41lANxFtrJFG5FuTmHfQ,https://open.spotify.com/track/1o41lANxFtrJFG5FuTmHfQ,0.7,Like I Love You,"Lost Frequencies, The NGHBRS"
Loui & Scibi Feat. Nuwella - Your Love (Original Mix).mp3,Your Love,Loui & Scibi Feat. Nuwella,,,312633,0HYDwQQotXQRRabS2Odisw,https://open.spotify.com/track/6PYNi1stqAsJWn8MecB50j,0.762,Show Me Your Love,"SOVI, Anya Pergin"
MAKJ & M35 - Revolution (Original Mix).mp3,Revolution,MAKJ & M35,,,246204,0L21teXilSCk8frpVHwXw1,https://open.spotify.com/track/0L21teXilSCk8frpVHwXw1,0.6,Revolution,"MAKJ, M35"
Marcel Woods & Allure - Ready (OUT NOW!).mp3,Ready,Marcel Woods & Allure,,,371879,5xxtBuUTuKv2ihTj0017nr,https://open.spotify.com/track/5xxtBuUTuKv2ihTj0017nr,0.667,Ready - Original Mix,"Marcel Woods, Allure"
Markus Gardeweg feat. Michael Feiner - Fairplay (Let There Be Love) (D.O.N.S & DBN Remix) - Copy (1).mp3,Fairplay (Let There Be Love) (D.O.N.S & DBN Remix) - Copy (1),Markus Gardeweg feat. Michael Feiner,,,487105,5nyMhaT0Pc4KZKZSNUFl0f,https://open.spotify.com/track/15JWzfxVtT2CSobE4H39FL,0.622,Fairplay (Let There Be Love) [feat. Michael Feiner] - D.O.N.S. & DBN Remix,"Markus Gardeweg, Michael Feiner"
Martin Garrix & Jay Hardway - Error 404 (Original Mix).mp3,Error 404,Martin Garrix & Jay Hardway,,,332487,5aV5iYxffs73u7Y3mWSZjj,https://open.spotify.com/track/5aV5iYxffs73u7Y3mWSZjj,0.7,Error 404,"Martin Garrix, Jay Hardway"
Martin Garrix & Jay Hardway - Wizard (Official Music Video) [OUT NOW].mp3,Wizard,Martin Garrix & Jay Hardway,,,217156,2GQfPDsehPE2zx5nr7jr4U,https://open.spotify.com/track/2GQfPDsehPE2zx5nr7jr4U,0.6,Wizard,"Martin Garrix, Jay Hardway"
Martin Solveig - All Stars (Official Video) ft. ALMA.mp3,All Stars ft. ALMA,Martin Solveig,,,176614,6CVx0YQCrtZQ9GNz2TDCnm,https://open.spotify.com/track/6CVx0YQCrtZQ9GNz2TDCnm,0.3,Someday,Martin Solveig
Martin Solveig - The Night Out [Official Video HD].mp3,The Night Out,Martin Solveig,,,215719,7xUL8r3jqftyk8qV6VCe8p,https://open.spotify.com/track/7xUL8r3jqftyk8qV6VCe8p,0.75,The Night Out - Madeon Remix,Martin Solveig
Mat Zo & Arty - Mozart.mp3,Mozart,Mat Zo & Arty,,,292937,3tvIrvGdsNJuCZyHiRfdrh,https://open.spotify.com/track/3o6hnYHQGPs59NUQmJ1bqh,0.925,Mozart - Radio Edit,"Mat Zo, ARTY"
Michael Calfan - Nobody Does It Better (Official Music Video).mp3,Nobody Does It Better,Michael Calfan,,,177476,1BMwsK4pa9KhiFmOp1oCjf,https://open.spotify.com/track/1BMwsK4pa9KhiFmOp1oCjf,0.9,Nobody Does It Better,Michael Calfan
Michael Jackson - Beat It (FD Electro House Remix).mp3,Beat It (FD Electro House Remix),Michael Jackson,,,437420,6HAli6NYLW8KxNN2pKsUUK,https://open.spotify.com/track/6HAli6NYLW8KxNN2pKsUUK,0,Party Crackin,"Myaap, Ke Lo"
Michael Jackson - Hollywood Tonight (Dj Chuckie Remix) Hot New Song 2011 + Download link!.mp3,Hollywood Tonight (Dj Chuckie Remix) Hot New Song 2011 + Download link!,Michael Jackson,,,232098,1XdMp6v9Q3N80WnKSbGfl4,https://open.spotify.com/track/1XdMp6v9Q3N80WnKSbGfl4,0.4,Hollywood,"LA Vision, Gigi D'Agostino"
Michael Jackson Smooth Criminal (Electro Remix).mp3,Michael Jackson Smooth Criminal (Electro Remix),,,,257776,2HtC6KsunFKydl98AfxMze,https://open.spotify.com/track/2HtC6KsunFKydl98AfxMze,0.4,Smooth Criminal,The FifthGuys
Michael Woods - Clanga (Original Mix).mp3,Clanga,Michael Woods,,,370364,12bM9eRZWaXsjrqD43JjtR,https://open.spotify.com/track/12bM9eRZWaXsjrqD43JjtR,0.8,Clanga - Original Mix,Michael Woods
Mightyfools - Go (Original Mix).mp3,Go,Mightyfools,,,273241,6U8yGCDYQmgvVx0VJD9mRg,https://open.spotify.com/track/6U8yGCDYQmgvVx0VJD9mRg,0.7,Party Goin,Mightyfools
Miguel Campbell - Something Special (Original Mix).mp3,Something Special,Miguel Campbell,,,282802,5ff8yitJ1x7D4tOaIlyklz,https://open.spotify.com/track/5ff8yitJ1x7D4tOaIlyklz,1,Something Special,Miguel Campbell
N'to - Trauma (Worakls Remix).mp3,Trauma (Worakls Remix),N'to,,,599980,1uXUZfJykefWuwj9VtyxIq,https://open.spotify.com/track/1uXUZfJykefWuwj9VtyxIq,0.5,Trauma - Worakls Remix,"NTO, Worakls"
Nari & Milani Vs Maurizio Gubellini Ft. Nicci - Vago (Original mix).mp3,Vago,Nari & Milani Vs Maurizio Gubellini Ft. Nicci,,,307931,7m1hNLELEr8mG1nghbzkhe,https://open.spotify.com/track/7m1hNLELEr8mG1nghbzkhe,0.65,Vago (feat. Nicci),"Nari & Milani, Maurizio Gubellini, Nicci"
NERVO & Hook N Sling - Reason (Official Music Video).mp3,Reason,NERVO & Hook N Sling,,,241607,5Jhmv9u0eUTZWLcvLntIw9,https://open.spotify.com/track/5Jhmv9u0eUTZWLcvLntIw9,0.6,Reason,"NERVO, Hook N Sling"
NERVO & Marco Lys - Don't Break My Heart (Lyric Video).mp3,Don't Break My Heart,NERVO & Marco Lys,,,222433,67AeInuW3ZRX47Ye5ROct2,https://open.spotify.com/track/67AeInuW3ZRX47Ye5ROct2,0.6,Don't Break My Heart,"NERVO, Marco Lys"
New World Sound & Thomas Newson - Flute (Original Mix).mp3,Flute,New World Sound & Thomas Newson,,,287086,7hgb6oUoiwgeE7EKcCdTQE,https://open.spotify.com/track/6NNaLF30AmpDERUYvSVchE,1.000,Flute - Radio Edit,"New World Sound, Thomas Newson"
Nicky Romero & Mitch Crown - Schizophrenic (Official Music Video) [HD].mp3,Schizophrenic,Nicky Romero & Mitch Crown,,,210887,2Ml2RNLcCoKN7NxW5yfG2B,https://open.spotify.com/track/2Ml2RNLcCoKN7NxW5yfG2B,0.6,Schizophrenic,"Nicky Romero, Mitch Crown"
Nicky Romero - Camorra (Original Mix).mp3,Camorra,Nicky Romero,,,375301,5vpiEwsv5JICVdO5jD42us,https://open.spotify.com/track/5vpiEwsv5JICVdO5jD42us,1,Camorra,Nicky Romero
Nicky Romero - My Friend (Original Mix).mp3,My Friend,Nicky Romero,,,416418,36J0wYcbZgJ4pCQYNZY5Eb,https://open.spotify.com/track/36J0wYcbZgJ4pCQYNZY5Eb,0.95,My Friend,Nicky Romero
Nicky Romero - Toulouse.mp3,Toulouse,Nicky Romero,,,259500,4AtYl1l9JI3x5Sb9SuOBIL,https://open.spotify.com/track/4AtYl1l9JI3x5Sb9SuOBIL,0.9,Toulouse,Nicky Romero
Noir & Haze - Around [Solomun Vox Mix] - NMB037.mp3,Around [Solomun Vox Mix] - NMB037,Noir & Haze,,,419056,7DFqc3ncGCYWBPZl4GQLgh,https://open.spotify.com/track/7DFqc3ncGCYWBPZl4GQLgh,0.3,Around - Solomun Vox Remix,"Noir & Haze, Solomun"
Oliver Heldens - Gecko (OUT NOW).mp3,Gecko,Oliver Heldens,,,193855,483XiZ5o13Cc1zoWV7jGml,https://open.spotify.com/track/483XiZ5o13Cc1zoWV7jGml,0.6,Gecko (Overdrive) - Radio Edit,"Oliver Heldens, Becky Hill"
Ornette - Crazy (Nôze remix) [Official].mp3,Crazy (Nôze remix),Ornette,,,359863,5OkuO5pfHG6Gmput8aV4ju,https://open.spotify.com/track/5OkuO5pfHG6Gmput8aV4ju,0.8,Crazy - Nôze Remix - Extended Club Version,Ornette
Oxia - Domino.mp3,Domino,Oxia,,,431151,6VGNzYErt08Rai78mLkIzI,https://open.spotify.com/track/6VGNzYErt08Rai78mLkIzI,0.95,Domino,Oxia
Parra for Cuva ft. Anna Naklab - Wicked Games (Official Music Video).mp3,Wicked Games,Parra for Cuva ft. Anna Naklab,,,198949,5Kntz1EHe8wJj6ZMwz5LYJ,https://open.spotify.com/track/5Kntz1EHe8wJj6ZMwz5LYJ,0.45,Wicked Games (feat. Anna Naklab) - Radio Edit,"Parra for Cuva, Anna Naklab"
Pelari - Cango (Original Mix).mp3,Cango,Pelari,,,364147,6Ll0VjORqMUKkcY30lpaMR,https://open.spotify.com/track/6Ll0VjORqMUKkcY30lpaMR,1,Cango,Pelari
Plus Minus Promotion A Minor Thinking Bout The Things.mp3,Plus Minus Promotion A Minor Thinking Bout The Things,,,,231236,0o1geRSc0kHGdcAF1m05Dp,https://open.spotify.com/track/0o1geRSc0kHGdcAF1m05Dp,0.4,Plus,super blondy
Quintino & Alvaro - World In Our Hands (Original Mix).mp3,World In Our Hands,Quintino & Alvaro,,,375902,2x8b6szIzSWZe8s8KsOjWX,https://open.spotify.com/track/2x8b6szIzSWZe8s8KsOjWX,0.6,World In Our Hands,"Quintino, Alvaro"
Quintino & Kenneth G - Blowfish (OUT NOW).mp3,Blowfish,Quintino & Kenneth G,,,89913,4MC2PcJN9lUKQWj2GkpG8B,https://open.spotify.com/track/4MC2PcJN9lUKQWj2GkpG8B,0.6,Blowfish,"Quintino, Kenneth G"
R3hab & David Solano - Do It (Life In Color Anthem 2013).mp3,Do It (Life In Color Anthem 2013),R3hab & David Solano,,,270080,0Xj1aVcDJyO556sjjl2sge,https://open.spotify.com/track/0Xj1aVcDJyO556sjjl2sge,0.661,Do It - Life In Color Anthem 2013,"R3HAB, SOLANO"
R3hab - Samurai (Go Hard) [Official Video].mp3,Samurai (Go Hard),R3hab,,,233221,1YRpwaPKL22RSEqo2ZvVhz,https://open.spotify.com/track/1YRpwaPKL22RSEqo2ZvVhz,0.9,Samurai (Go Hard),R3HAB
RAFAEL CHAVEZ - For You (Babysitters Remix) OUT NOW!!!.mp3,For You (Babysitters Remix) OUT NOW!!!,RAFAEL CHAVEZ,,,233430,7y9me4zUvv1aVCmPW30HRu,https://open.spotify.com/track/7y9me4zUvv1aVCmPW30HRu,0.4,For You,"Broiler, Anna Bergendahl"
Ray Foxx ft. Rachel K Collier - Boom Boom (Heartbeat).mp3,Boom Boom (Heartbeat),Ray Foxx ft. Rachel K Collier,,,201848,55BUvOC0klLXGinj2VwTjs,https://open.spotify.com/track/55BUvOC0klLXGinj2VwTjs,0.65,Boom Boom (Heartbeat) [made popular by Ray Foxx ft. Rachel K Collier] [backing version],Party Tyme
Rita Ora - Let You Love Me [Official Video].mp3,Let You Love Me,Rita Ora,,,190328,5Fla3zyOCcIRqrDoKLU0DP,https://open.spotify.com/track/5Fla3zyOCcIRqrDoKLU0DP,1,Let You Love Me,Rita Ora
Rune RK - Burning Boombox (Original Mix).mp3,Burning Boombox,Rune RK,,,367229,4IBnenAT9TuhhghUVY9xZm,https://open.spotify.com/track/4IBnenAT9TuhhghUVY9xZm,1,Burning Boombox,Rune RK
Rune RK - Teacup (Official Music Video).mp3,Teacup,Rune RK,,,220578,2Agw7HMp0w7FH4rTCzEaZN,https://open.spotify.com/track/2Agw7HMp0w7FH4rTCzEaZN,0.9,Teacup,Rune RK
SAIL - AWOLNATION (Unofficial Video).mp3,AWOLNATION (Unofficial Video),SAIL,,,248738,22WxRpIhS77PlEzwj1rCN1,https://open.spotify.com/track/22WxRpIhS77PlEzwj1rCN1,0,Sail - Live in Columbus,AWOLNATION
Sander van Doorn - Joyenergizer (Official Music Video).mp3,Joyenergizer,Sander van Doorn,,,201064,4boz4oEimOWDtIbGs4FBDr,https://open.spotify.com/track/4boz4oEimOWDtIbGs4FBDr,1,Joyenergizer (Sander van Doorn 2025 Remix),Sander van Doorn
Shawnee Taylor ft. SYMPHO NYMPHO - Colors [Official video].mp3,Colors,Shawnee Taylor ft. SYMPHO NYMPHO,,,217365,4R467GbyTVsRKQxArOWFVK,https://open.spotify.com/track/4R467GbyTVsRKQxArOWFVK,0,ok,Synne Vo
Shermanology & Amba Shepherd - Who We Are (OUT NOW).mp3,Who We Are,Shermanology & Amba Shepherd,,,78785,7FmI3ygVG04KIhikMHKOKB,https://open.spotify.com/track/7FmI3ygVG04KIhikMHKOKB,0,A Little Priest,"Johnny Depp, Helena Bonham Carter"
Showtek & Noisecontrollers - Get Loose (Tiesto Remix) - Copy (1).mp3,Get Loose (Tiesto Remix) - Copy (1),Showtek & Noisecontrollers,,,344320,5v4o42r2nTxqiLCEghAVap,https://open.spotify.com/track/5MvCgyuPop4l4EsV9OoSE4,0.642,Can't Get Over You,"Nick Strand, Mio"
Showtek & Noisecontrollers - Get Loose (Tiesto Remix).mp3,Get Loose (Tiesto Remix),Showtek & Noisecontrollers,,,344320,03zQwg9GmELizUbWol6DMz,https://open.spotify.com/track/03zQwg9GmELizUbWol6DMz,0.667,Get Loose - Tiesto Remix,"Showtek, Noisecontrollers"
Showtek - Slow down (Original Mix).mp3,Slow down,Showtek,,,402469,4BKKV1CTZ7mM3BmBiEXMky,https://open.spotify.com/track/4BKKV1CTZ7mM3BmBiEXMky,0.6,Slow Down Pt. 2,"Showtek, .EXA"
Showtek Feat. Justin Prime - Cannonball (Original Mix).mp3,Cannonball,Showtek Feat. Justin Prime,,,300095,53JfpBn5zgIah4JRQRisL7,https://open.spotify.com/track/53JfpBn5zgIah4JRQRisL7,0.4,Cannonball - The Prophet Remix,"Showtek, Justin Prime, The Prophet"
Showtek ft. We Are Loud & Sonny Wilson - Booyah (Official Music Video).mp3,Booyah,Showtek ft. We Are Loud & Sonny Wilson,,,253753,55SPQmrp0XawJSbBtPelaA,https://open.spotify.com/track/3eeyvEpQWJOLpK1pxmO8VX,0.806,Booyah (feat. We Are Loud & Sonny Wilson) - Radio Edit,"Showtek, We Are Loud, Sonny Wilson"
Sidekick - Deep Fear.mp3,Deep Fear,Sidekick,,,358008,2w95hYvNjSscsijPsYGS8r,https://open.spotify.com/track/2w95hYvNjSscsijPsYGS8r,0.8,Deep Fear,"Gabry Ponte, DJs From Mars, Sidekick"
Sidney Samson and Martin Garrix - Torrent.mp3,Torrent,Sidney Samson and Martin Garrix,,,319399,6MaBAh2cPYCVHNrgItAeTT,https://open.spotify.com/track/6MaBAh2cPYCVHNrgItAeTT,0.7,Torrent,"Sidney Samson, Martin Garrix"
Slicerboys - Glow.mp3,Glow,Slicerboys,,,418638,46j8ngtak4350QITzWRCyo,https://open.spotify.com/track/46j8ngtak4350QITzWRCyo,1,Glow,Slicerboys
Spencer Tarring - Come On Now (Official Music Video).mp3,Come On Now,Spencer Tarring,,,232072,76HfwQXbgkBGaTR6gftQ1C,https://open.spotify.com/track/76HfwQXbgkBGaTR6gftQ1C,0.9,Come On Now,Spencer Tarring
Steve Angello - Yeah (Original Mix).mp3,Yeah,Steve Angello,,,326531,17xo0Ib3CwxZdxLNjLSQlC,https://open.spotify.com/track/17xo0Ib3CwxZdxLNjLSQlC,1,Yeah,Steve Angello
Steve Aoki & Chris Lake & Tujamo - Boneless (Original Mix).mp3,Boneless,Steve Aoki & Chris Lake & Tujamo,,,277029,75f4fO9adbAYJqNBKJNrxs,https://open.spotify.com/track/75f4fO9adbAYJqNBKJNrxs,0.6,Boneless,"Steve Aoki, Chris Lake, Tujamo"
Suyano & Billy The Kit - Busted (OUT NOW).mp3,Busted,Suyano & Billy The Kit,,,91141,4i415qDvNYDyeLdTjlPJhr,https://open.spotify.com/track/4i415qDvNYDyeLdTjlPJhr,0.6,Busted,"Suyano, Billy The Kit"
Sven Väth - Akzidenz Grotesk  Isbjörn.mp3,Akzidenz Grotesk Isbjörn,Sven Väth,,,310909,0pr7Jl0jsS8pKo3WTPqJ2A,https://open.spotify.com/track/0pr7Jl0jsS8pKo3WTPqJ2A,0,FARGEBLIND,GroteSK
Swanky Tunes - Blood Rush (Original Mix).mp3,Blood Rush,Swanky Tunes,,,362005,5X87Sdl2b8fSVdOxW8xS7Z,https://open.spotify.com/track/5X87Sdl2b8fSVdOxW8xS7Z,1,Blood Rush,Swanky Tunes
The Partysquad & Mitchell Niemeyer - #PantsDown (Official Video).mp3,#PantsDown,The Partysquad & Mitchell Niemeyer,,,205479,49uKHgxD2pwsI8GK7EHvzf,https://open.spotify.com/track/49uKHgxD2pwsI8GK7EHvzf,0.4,#Pantsdown - Club Mix,"The Partysquad, Mitchell Niemeyer"
The Potbelleez - Hello (Official Video).mp3,Hello,The Potbelleez,,,213133,4aqc7jALwcI1Mu0rht2bom,https://open.spotify.com/track/4aqc7jALwcI1Mu0rht2bom,0.95,Hello,The Potbelleez
The Potbelleez - Saved In A Bottle (Dannic Remix).mp3,Saved In A Bottle (Dannic Remix),The Potbelleez,,,347037,2928lmIvOoCYyGISW4pCNt,https://open.spotify.com/track/2928lmIvOoCYyGISW4pCNt,0.9,Saved In A Bottle,The Potbelleez
The Potbelleez Trouble Trouble.mp3,The Potbelleez Trouble Trouble,,,,208927,35GUPV9uoziOhKFuA1Yg0a,https://open.spotify.com/track/35GUPV9uoziOhKFuA1Yg0a,0.5,Trouble Trouble,The Potbelleez
The Potbellez - Midnight Midnight.mp3,Midnight Midnight,The Potbellez,,,191138,5SrMp4FveCG6tmVr2xF6e9,https://open.spotify.com/track/37UCSVSqiPGdR1DijOFyYY,0.767,Midnight Sun,Zara Larsson
Thomas Gold ft. Kaelyn Behr - Remember (Original).mp3,Remember (Original),Thomas Gold ft. Kaelyn Behr,,,410514,0AOEIxnRtMr3hLjpwaH9fy,https://open.spotify.com/track/0AOEIxnRtMr3hLjpwaH9fy,0.6,Remember (Alright),ATANA
Thomas Newson - Pallaroid [OUT NOW!].mp3,Pallaroid,Thomas Newson,,,313757,6DPlv0oDAb77j54HiWVJkw,https://open.spotify.com/track/6DPlv0oDAb77j54HiWVJkw,0.8,Pallaroid,DJ Thomas Newson
Tiësto & Hardwell - Zero 76 (Official Music Video) [1080 HD].mp3,Zero 76 [1080 HD],Tiësto & Hardwell,,,207595,0KxzO6ZP8mq8Aml11XiVEO,https://open.spotify.com/track/7kSxVn8HvKeHwW3o7W0M2S,0.850,tjueto (demo),Ramón
Tiësto & Showtek - Hell Yeah! [OFFICIAL MUSIC VIDEO].mp3,Hell Yeah!,Tiësto & Showtek,,,276924,2bD9x9p4dCx2Uu2lzUk6S2,https://open.spotify.com/track/2bD9x9p4dCx2Uu2lzUk6S2,0.7,Hell Yeah!,"Tiësto, Showtek"
Tiësto & Wolfgang Gartner - We Own The Night ft. Luciana [OFFICIAL MUSIC VIDEO].mp3,We Own The Night ft. Luciana,Tiësto & Wolfgang Gartner,,,224862,7bYKMJI4z6mApjLhv4hOBM,https://open.spotify.com/track/7bYKMJI4z6mApjLhv4hOBM,0,Pimp Juice,Nelly
Tiësto ft. Matthew Koma - Wasted (Mike Mago Remix).mp3,Wasted (Mike Mago Remix),Tiësto ft. Matthew Koma,,,371592,3pmaB3cwb4XWRX7aA65ez0,https://open.spotify.com/track/3pmaB3cwb4XWRX7aA65ez0,0,Føler ikke no (Manowar),"Kulturaften, DJ VLADI, KNEKT"
Tujamo - There It Is (Original Mix)    [OFFICIAL].mp3,There It Is,Tujamo,,,303438,67Xg9RJ4Czsr7OUXtBiqIP,https://open.spotify.com/track/67Xg9RJ4Czsr7OUXtBiqIP,0.7,There It Is - Radio Mix,Tujamo
Vato Gonzalez - Triplets Riddim (Original Mix).mp3,Triplets Riddim,Vato Gonzalez,,,297874,3shSBLvKbX3DVvJlVBFsRe,https://open.spotify.com/track/3shSBLvKbX3DVvJlVBFsRe,1,Triplets Riddim,Vato Gonzalez
Vicetone - Lowdown (OUT NOW).mp3,Lowdown,Vicetone,,,57966,7L9nFaWGfORqtZolLny1WH,https://open.spotify.com/track/7L9nFaWGfORqtZolLny1WH,0.9,Lowdown,Vicetone
Wolfgang Gartner - Wolfgang's 5th Symphony in ORIGINAL MIX [HD 720p].mp3,Wolfgang's 5th Symphony in ORIGINAL MIX,Wolfgang Gartner,,,443820,4ku03f8oyVlgqpJ3EmnAcy,https://open.spotify.com/track/4ku03f8oyVlgqpJ3EmnAcy,0.7,Wolfgang's 5th Symphony,Wolfgang Gartner
Worakls - Question Réponse.mp3,Question Réponse,Worakls,,,366420,5bsqVWz1HriB7VTkUyPHRC,https://open.spotify.com/track/5bsqVWz1HriB7VTkUyPHRC,1,Question réponse,Worakls
Yeah Yeah Yeahs - Heads Will Roll (A-Trak remix).mp3,Heads Will Roll (A-Trak remix),Yeah Yeah Yeahs,,,204016,5qGIfWDRdyO67LCTqA2sEn,https://open.spotify.com/track/5qGIfWDRdyO67LCTqA2sEn,0.7,Heads Will Roll - A-Trak Remix Radio Edit,"Yeah Yeah Yeahs, A-Trak"
Ylvis - The Fox (What Does The Fox Say) [Official music video HD] - Copy (1).mp3,The Fox (What Does The Fox Say) - Copy (1),Ylvis,,,224862,5HOpkTTVcmZHnthgyxrIL8,https://open.spotify.com/track/5HOpkTTVcmZHnthgyxrIL8,0.7,The Fox (What Does the Fox Say?),Ylvis
Yves V & Blasterjaxx - That Big (Original Mix).mp3,That Big,Yves V & Blasterjaxx,,,395651,3U285hGSihPH0aW79xWePf,https://open.spotify.com/track/3U285hGSihPH0aW79xWePf,0.7,That Big,"Yves V, Blasterjaxx"
Zedd - Clarity (feat. Foxes).mp3,Clarity (feat. Foxes),Zedd,,,271700,4jIQ0wouzKHbi1fYHORIN0,https://open.spotify.com/track/4jIQ0wouzKHbi1fYHORIN0,0.6,Clarity (feat. Foxes) - Tiësto Remix,"Zedd, Foxes"
Zoo Brazil feat. Rasmus Kellerman - There Is Hope.mp3,There Is Hope,Zoo Brazil feat. Rasmus Kellerman,,,365819,3eWquPz3CfZPWLYAyN9uLq,https://open.spotify.com/track/3eWquPz3CfZPWLYAyN9uLq,0.6,There Is Hope,"Zoo Brazil, Rasmus Kellerman"
Favorites/2Pac feat. Kurupt - Still Ballin' (Lucas Chambon Remix).mp3,Still Ballin' (Lucas Chambon Remix),2Pac feat. Kurupt,,,288287,7CgwWiqDC2gRp3qdmFHEzo,https://open.spotify.com/track/7CgwWiqDC2gRp3qdmFHEzo,0.7,Still Ballin' (feat. Outlawz),"Yukmouth, Outlawz"
Favorites/Acris & Infra - Synergy - Copy (1).mp3,Synergy - Copy (1),Acris & Infra,,,180010,1qu58wxYYVQ8umRB6Nuwep,https://open.spotify.com/track/1qu58wxYYVQ8umRB6Nuwep,0.4,Synergy,Digital Madness
Favorites/Acris & Infra - Synergy.mp3,Synergy,Acris & Infra,,,180010,7mY66rJH0Cn0LpwbjpiDC0,https://open.spotify.com/track/7mY66rJH0Cn0LpwbjpiDC0,0.6,Synergy,"Acris, Infra"
Favorites/Anthony Rother - Father.mp3,Father,Anthony Rother,,,391184,5xrWAghzKsJAHUk62sqV5j,https://open.spotify.com/track/5xrWAghzKsJAHUk62sqV5j,0.9,Father,Anthony Rother
Favorites/ATB - You're Not Alone - HQ.mp3,You're Not Alone,ATB,,,210730,1DSP4ICbBkSOuoGq0lYQwR,https://open.spotify.com/track/1DSP4ICbBkSOuoGq0lYQwR,1,You're Not Alone,ATB
Favorites/Audio Bullys - Shot You Down ft. Nancy Sinatra.mp3,Shot You Down ft. Nancy Sinatra,Audio Bullys,,,219533,5JLyipl9TA28Y0tzH659Zr,https://open.spotify.com/track/5JLyipl9TA28Y0tzH659Zr,0.2,Shot You Down - Radio Edit,"Audio Bullys, Nancy Sinatra"
Favorites/AuRa & CamelPhat - Panic Room.mp3,Panic Room,AuRa & CamelPhat,,,213185,3MkuFR7t25mu7Iscp6GGiV,https://open.spotify.com/track/3MkuFR7t25mu7Iscp6GGiV,0.7,Panic Room,"Au/Ra, CamelPhat"
Favorites/Bag Raiders - Shooting Stars (Official Video).mp3,Shooting Stars,Bag Raiders,,,231654,7tOcPDj3vyopZ404pY6UuP,https://open.spotify.com/track/7tOcPDj3vyopZ404pY6UuP,0.95,Shooting Stars,Bag Raiders
Favorites/Bassjackers vs Breathe Carolina & Apek - The Fever (Official Music Video).mp3,The Fever,Bassjackers vs Breathe Carolina & Apek,,,213656,1AS2ADK5pf7vHRCH0b1LXT,https://open.spotify.com/track/1AS2ADK5pf7vHRCH0b1LXT,0.6,The Fever,"Bassjackers, Breathe Carolina, APEK"
Favorites/Benny Benassi & SOFI TUKKER - Everybody Needs A Kiss (Official Video) [Ultra Music].mp3,Everybody Needs A Kiss [Ultra Music],Benny Benassi & SOFI TUKKER,,,219011,4SQm3rG7WZfIZa8Lqff5q7,https://open.spotify.com/track/7I7fLUK6IDGTxU5QRl7I8v,1.000,Everyone Needs A Friend,Dance With A Stranger
Favorites/BICEP  GLUE (Official Video).mp3,BICEP GLUE,,,,285048,2aJDlirz6v2a4HREki98cP,https://open.spotify.com/track/2aJDlirz6v2a4HREki98cP,0.4,Glue,BICEP
Favorites/Blasterjaxx ft. UHRE - Bizarre (Boye & Sigvardt Remix) [Official Audio].mp3,Bizarre (Boye & Sigvardt Remix),Blasterjaxx ft. UHRE,,,182570,1tWwbQnXKL4qn8A7i4miSV,https://open.spotify.com/track/1tWwbQnXKL4qn8A7i4miSV,0.05,Bassline Wonder (Spilledåsa),"Prells, Sleiken"
Favorites/BLR & SBNC - Varca.mp3,Varca,BLR & SBNC,,,206106,6BpYX4ocLoQbJ6UigExYqp,https://open.spotify.com/track/6BpYX4ocLoQbJ6UigExYqp,0.7,Varca,"BLR, SBNC"
Favorites/BLR x Rave & Crave - Taj (Official Music Video).mp3,Taj,BLR x Rave & Crave,,,226090,400QEuv1HXJcm7gGSya4fn,https://open.spotify.com/track/3LtAcXl1Qbt3Wot2VpSgaX,0.645,Ballenstedt Breakdown,LST!RBL
Favorites/Bonobo  7th Sevens.mp3,Bonobo 7th Sevens,,,,307357,3AW6V6zWH45jI7eNPnSDfT,https://open.spotify.com/track/3AW6V6zWH45jI7eNPnSDfT,0.5,7th Sevens,Bonobo
Favorites/Bonobo  No Reason (feat. Nick Murphy).mp3,Bonobo No Reason (feat. Nick Murphy),,,,243644,2ZaL63zLMDr6H18El2EIt9,https://open.spotify.com/track/2ZaL63zLMDr6H18El2EIt9,0.1,Rosewood,Bonobo
Favorites/Brandon Flowers - I Can Change (Lyric Video) - Copy (1).mp3,I Can Change - Copy (1),Brandon Flowers,,,260624,1tXtGZuPA0JWNgdzk9SFyr,https://open.spotify.com/track/2l6nDyvPFbz7S4DPCpLcWZ,0.800,God Mode,Tom MacDonald
Favorites/Breathe Carolina & Bassjackers feat. CADE - Can't Take It (Official Music Video) - Copy (1).mp3,Can't Take It - Copy (1),Breathe Carolina & Bassjackers feat. CADE,,,192287,3s1V3iuSJPncV3r7XljC8J,https://open.spotify.com/track/3s1V3iuSJPncV3r7XljC8J,0.4,Can't Take It (feat. CADE),"Breathe Carolina, Bassjackers, CADE"
Favorites/Breathe Carolina - Stay (ft. Sophie and the Bom Boms).mp3,Stay (ft. Sophie and the Bom Boms),Breathe Carolina,,,203363,0KWjWr5XvzjAhDqcdlMc8U,https://open.spotify.com/track/2Dlp3mgmT5GgKw9tXs85NA,0.750,I'm a Dog,Kevin Gates
Favorites/Brooks & GRX - Boomerang (Official Video).mp3,Boomerang,Brooks & GRX,,,195448,6Gw2dHX6FsQcIuiWxe0vWk,https://open.spotify.com/track/6Gw2dHX6FsQcIuiWxe0vWk,0.7,Boomerang,"Brooks, GRX"
Favorites/Calippo - Down With You.mp3,Down With You,Calippo,,,189440,2ff9jjSNR73bvyBQAogyKb,https://open.spotify.com/track/2ff9jjSNR73bvyBQAogyKb,1,Down with You,Calippo
Favorites/CALIPPO - Mesa verde [Official] - Copy (1).mp3,Mesa verde - Copy (1),CALIPPO,,,232620,2v08lvnHOS46BmIQSd3tVe,https://open.spotify.com/track/2v08lvnHOS46BmIQSd3tVe,0.3,Mesa Verde - Radio Mix,Calippo
Favorites/Calvin Harris - Thinking About You ft. Ayah Marar.mp3,Thinking About You ft. Ayah Marar,Calvin Harris,,,276532,2QTs37ndyBnheqYssE8GeZ,https://open.spotify.com/track/2QTs37ndyBnheqYssE8GeZ,0.4,Thinking About You (made popular by Calvin Harris ft. Ayah Marar) [backing version],Party Tyme
Favorites/Calvo feat. Gigi - Made For Us.mp3,Made For Us,Calvo feat. Gigi,,,165486,0ef3f6JHP5T8Y0gfLmN7Zt,https://open.spotify.com/track/35Im9ybpXws6gGdKbRNDdb,0.883,Gigi's Recovery,The Murder Capital
Favorites/CamelPhat & Elderbrook - Cola (Radio Edit).mp3,Cola,CamelPhat & Elderbrook,,,228153,0aL5jEWqfIwNDB3tdzyzH4,https://open.spotify.com/track/0aL5jEWqfIwNDB3tdzyzH4,0.65,Cola,"CamelPhat, Elderbrook"
Favorites/Caribou - Your Love Will Set You Free (c2's Set U Free Remix).mp3,Your Love Will Set You Free (c2's Set U Free Remix),Caribou,,,402312,2MARVRoAyo476CmEKqBWuP,https://open.spotify.com/track/5M9Tx6SFuvilenL6AimYdX,0.818,Fotspor - Todd Terje Disco Mix,"Holm CPU, Todd Terje"
Favorites/Cedric Gervais & Willy Monfret - Make Me Feel (Radio Edit).mp3,Make Me Feel,Cedric Gervais & Willy Monfret,,,211618,7sjZHZKmXoH2Il1iwiiEVZ,https://open.spotify.com/track/7sjZHZKmXoH2Il1iwiiEVZ,0.65,Make Me Feel,"Cedric Gervais, Willy Monfret"
Favorites/Charlie Puth - How Long (EDX's Dubai Skyline Remix).mp3,How Long (EDX's Dubai Skyline Remix),Charlie Puth,,,192731,2cmWjJEB9PydEc1eIHbOHX,https://open.spotify.com/track/2cmWjJEB9PydEc1eIHbOHX,0.7,How Long - EDX's Dubai Skyline Remix,"Charlie Puth, EDX"
Favorites/Cheat Codes x Kris Kross Amsterdam - SEX (Official Music Video).mp3,SEX,Cheat Codes x Kris Kross Amsterdam,,,257254,67TtMGAcZbZf2HWWSa2i1S,https://open.spotify.com/track/67TtMGAcZbZf2HWWSa2i1S,0.4,Sex - Carta Remix Edit,"Cheat Codes, Kris Kross Amsterdam, Carta"
Favorites/Chocolate Puma x Pep & Rash - The Stars Are Mine (Official Music Video) - Copy (1).mp3,The Stars Are Mine - Copy (1),Chocolate Puma x Pep & Rash,,,259344,0qF7Piw3F3mLJ1ni5Iw0bb,https://open.spotify.com/track/0qF7Piw3F3mLJ1ni5Iw0bb,0.688,The Stars Are Mine,"Chocolate Puma, Pep & Rash"
Favorites/Chris Malinchak - So Good To Me.mp3,So Good To Me,Chris Malinchak,,,309838,1mGGVB5nDxGObTP26RhjyT,https://open.spotify.com/track/1mGGVB5nDxGObTP26RhjyT,0.9,So Good to Me,Chris Malinchak
Favorites/CID & Kaskade – Sweet Memories (Extended Mix) - Copy (1).mp3,Copy (1),CID & Kaskade – Sweet Memories,,,265221,6F3rgQfSns1slUnMfHXjOA,https://open.spotify.com/track/6F3rgQfSns1slUnMfHXjOA,0,Sweet Memories,"CID, Kaskade"
Favorites/CID - Love Is Blind (Official Music Video).mp3,Love Is Blind,CID,,,203703,1af3k8RVWvaG3hA3t4vPay,https://open.spotify.com/track/1af3k8RVWvaG3hA3t4vPay,0.8,Love Is Blind (feat. GLNNA),"CID, GLNNA"
Favorites/Codec & Flexor - Motions.mp3,Motions,Codec & Flexor,,,333087,6zHhgXDRpmIIld6589uuNM,https://open.spotify.com/track/6zHhgXDRpmIIld6589uuNM,1,Motions,Codec & Flexor
Favorites/Codec & Flexor - Time Has Changed.mp3,Time Has Changed,Codec & Flexor,,,407693,7FKxnUOiL2Ueq3eXsnjQnc,https://open.spotify.com/track/7FKxnUOiL2Ueq3eXsnjQnc,0.95,Time Has Changed,Codec & Flexor
Favorites/Dada Life - Do It Till Your Face Hurts (Music Video).mp3,Do It Till Your Face Hurts (Music Video),Dada Life,,,174367,63AHJmstF3HB05rzMTwmFx,https://open.spotify.com/track/1l8Pv9SFF7ts5odswk3c51,0.875,The Day Is Done (2006),"Stephen Paulus, Stephen Layton, The Choir Of Trinity College, Cambridge"
"Favorites/Daft Punk - Around the World  Harder, Better, Faster, Stronger (Official audio) - Copy (1).mp3","Around the World Harder, Better, Faster, Stronger - Copy (1)",Daft Punk,,,342596,5W3cjX2J3tjhG8zb6u0qHn,https://open.spotify.com/track/5W3cjX2J3tjhG8zb6u0qHn,0.7,"Harder, Better, Faster, Stronger",Daft Punk
Favorites/Daft Punk - One More Time (Guille Placencia & George Privatti Edit).mp3,One More Time (Guille Placencia & George Privatti Edit),Daft Punk,,,378227,0DiWol3AO6WpXZgp0goxAV,https://open.spotify.com/track/0DiWol3AO6WpXZgp0goxAV,0.9,One More Time,Daft Punk
Favorites/Dave Silcox - Slow Dance (ft. Takura).mp3,Slow Dance (ft. Takura),Dave Silcox,,,179540,5wMhgE5lEj2lDSA0eFF1BB,https://open.spotify.com/track/5wMhgE5lEj2lDSA0eFF1BB,0.9,Slow Dance,"Dave Silcox, Takura"
Favorites/David Zowie - House Every Weekend.mp3,House Every Weekend,David Zowie,,,181969,1uXIbRf2sJYzhjujs4KsK7,https://open.spotify.com/track/1uXIbRf2sJYzhjujs4KsK7,0.9,House Every Weekend,David Zowie
Favorites/Definition - Pretend To Fly (Original Mix) - Copy (1).mp3,Pretend To Fly - Copy (1),Definition,,,414851,5Zjeuj0ovxXfeooi9uSd3Q,https://open.spotify.com/track/0mvfStjGw5wbqxdxYM1ifq,0.800,Fly,Crematory
Favorites/Deniz Koyu - Atlantis (Official Audio).mp3,Atlantis,Deniz Koyu,,,227892,5N36pxghN02FAvkSFx3g9B,https://open.spotify.com/track/5N36pxghN02FAvkSFx3g9B,0.95,Atlantis,Deniz Koyu
Favorites/Dimitri Vegas & Like Mike - Wakanda (Original).mp3,Wakanda (Original),Dimitri Vegas & Like Mike,,,300173,7M2t0mMSjLJSweu8BwrY2R,https://open.spotify.com/track/4QEcp9HHE6pt1jhnbyslmB,0.750,We Love Hardcore,"Scooter, Dimitri Vegas & Like Mike"
Favorites/Disclosure - Magnets (A-Trak Remix) ft. Lorde.mp3,Magnets (A-Trak Remix) ft. Lorde,Disclosure,,,261616,3b3igWaIojag3xv4V6Hv0i,https://open.spotify.com/track/3b3igWaIojag3xv4V6Hv0i,0,Coast To Coast,Dagny
Favorites/Dj Shako - Fake Blood - I Think I Like It  VremixOCT 2016.mp3,Fake Blood - I Think I Like It VremixOCT 2016,Dj Shako,,,371017,6XIOwPaFCpwBApJmQqt7t0,https://open.spotify.com/track/6XIOwPaFCpwBApJmQqt7t0,0,Blod,Jon Ranes
Favorites/DJ Tonka - She Knows You.mp3,She Knows You,DJ Tonka,,,249417,2ZutwHq1MfsYW1zBeySdb5,https://open.spotify.com/track/2ZutwHq1MfsYW1zBeySdb5,0.7,She Knows You - Radio Mix,DJ Tonka
Favorites/Don Diablo - You Can't Change Me  Official Music Video.mp3,You Can't Change Me Official Music Video,Don Diablo,,,186776,7vAVQMCwSKEVmol4wJvqUO,https://open.spotify.com/track/0BHNkpGmcexaGyUHDZCQXG,0.786,Monster,"Don Diablo, Felix Jaehn"
Favorites/Dubvision vs. Kygo Feat. Conrad - Heart vs. Firestone (Martin Garrix AMF Mashup).mp3,Heart vs. Firestone (Martin Garrix AMF Mashup),Dubvision vs. Kygo Feat. Conrad,,,167471,3g0eHwVjGYZaHooqGtKefQ,https://open.spotify.com/track/3g0eHwVjGYZaHooqGtKefQ,0.1,Breakaway,"Martin Garrix, Mesto, WILHELM"
Favorites/Duke Dumont - The Giver (Original Mix) - Copy (1).mp3,The Giver - Copy (1),Duke Dumont,,,389904,5Nz4Zq6tyX7gOPojKR06RB,https://open.spotify.com/track/5Nz4Zq6tyX7gOPojKR06RB,0,Ifarasi,Davis D
Favorites/Duke Dumont - The Giver (Original Mix).mp3,The Giver,Duke Dumont,,,389904,61oc0YJC5qSOXTxFD2Fzmd,https://open.spotify.com/track/61oc0YJC5qSOXTxFD2Fzmd,1,The Giver,Duke Dumont
Favorites/Dzeko ft. TOKA-J - Heart Speak (Official Lyric Video).mp3,Heart Speak,Dzeko ft. TOKA-J,,,184451,6ddbcITK6wv722TRxt4W2L,https://open.spotify.com/track/6ddbcITK6wv722TRxt4W2L,0.65,Heart Speak (feat. TOKA-J),"Dzeko, TOKA-J"
Favorites/EDX - Bloom (Official Music Video).mp3,Bloom,EDX,,,209894,0IvCciR4PxDgL0DDZcp5mf,https://open.spotify.com/track/0IvCciR4PxDgL0DDZcp5mf,0.95,Bloom,EDX
Favorites/EDX - Feel The Rush (Official Video HD).mp3,Feel The Rush,EDX,,,220212,02zaBtH0nEodWFhh8EAccA,https://open.spotify.com/track/02zaBtH0nEodWFhh8EAccA,0.9,Feel the Rush,EDX
Favorites/EDX - Roadkill (EDX's Ibiza Sunrise Remix) [Official Music Video] - Copy (1).mp3,Roadkill (EDX's Ibiza Sunrise Remix) - Copy (1),EDX,,,205662,4teVxBLNOD6ydaFDREymEg,https://open.spotify.com/track/4teVxBLNOD6ydaFDREymEg,0,Rear View,Moyka
Favorites/EDX - Roadkill (EDX's Ibiza Sunrise Remix) [Official Music Video] - Copy (2).mp3,Roadkill (EDX's Ibiza Sunrise Remix) - Copy (2),EDX,,,205662,66CLPPvo8CTqFjcuz8tQQo,https://open.spotify.com/track/66CLPPvo8CTqFjcuz8tQQo,0,Ride,Moyka
Favorites/EDX - Roadkill (EDX's Ibiza Sunrise Remix) [Official Music Video].mp3,Roadkill (EDX's Ibiza Sunrise Remix),EDX,,,205662,3LBdmR3UVTvk2LLY9q7Wsp,https://open.spotify.com/track/3LBdmR3UVTvk2LLY9q7Wsp,0.7,Roadkill - EDX's Ibiza Sunrise Remix,EDX
Favorites/EDX - We Can't Give Up (Official Music Video).mp3,We Can't Give Up,EDX,,,163239,7lBAKSeXGXmMEhLiz0qw9M,https://open.spotify.com/track/7lBAKSeXGXmMEhLiz0qw9M,0.95,We Can't Give Up,EDX
"Favorites/EDX, Nora En Pure, Sons Of Maria & Axwell - I Found You In Uruguay (EDX X-Booty).mp3",I Found You In Uruguay (EDX X-Booty),"EDX, Nora En Pure, Sons Of Maria & Axwell",,,346723,0xr8Vdy7svQMJXicR1XWEt,https://open.spotify.com/track/0xr8Vdy7svQMJXicR1XWEt,0,You Found Me,"Matoma, SKAAR"
Favorites/Eric Prydz - Pjanoo (Club Mix) (HQ).mp3,Pjanoo (Club Mix),Eric Prydz,,,451004,0noVd1VU93X8TEZMmpR3yN,https://open.spotify.com/track/0noVd1VU93X8TEZMmpR3yN,0.8,Pjanoo - Club Mix,Eric Prydz
Favorites/Favulous - No Diggity - Copy (1).mp3,No Diggity - Copy (1),Favulous,,,208144,6c2WacxDSDrfzPxW7Qe0Zg,https://open.spotify.com/track/6c2WacxDSDrfzPxW7Qe0Zg,0,Beat of My Drum,Trevor Winn
Favorites/Favulous - No Diggity.mp3,No Diggity,Favulous,,,208144,0PB8KUQHpc7GveSOaWhGwb,https://open.spotify.com/track/0PB8KUQHpc7GveSOaWhGwb,0.6,No Diggity,Chet Faker
Favorites/Feelin' Good (Original Mix) - Copy (1).mp3,Copy (1),Feelin' Good,,,255033,5bCxYFeKnp8qqIDlYoEzhT,https://open.spotify.com/track/5bCxYFeKnp8qqIDlYoEzhT,0,Feeling Good,"Pink Shark Music, Dark Scores, Tense Streets, Underground Tension"
Favorites/Feelin' Good (Original Mix).mp3,Feelin' Good,,,,255033,1AM8QdDFZMq6SrrqUnuQ9P,https://open.spotify.com/track/1AM8QdDFZMq6SrrqUnuQ9P,0,Feeling Good,Michael Bublé
Favorites/Firebeatz - Sky High (Tiësto Edit) [Official Video].mp3,Sky High (Tiësto Edit),Firebeatz,,,157544,7aCurqZaPTpyfjZl4NcsrE,https://open.spotify.com/track/7aCurqZaPTpyfjZl4NcsrE,0.7,Sky High - Tiësto Edit,Firebeatz
Favorites/Fisher - Losing It.mp3,Losing It,Fisher,,,248085,6ho0GyrWZN3mhi9zVRW7xi,https://open.spotify.com/track/6ho0GyrWZN3mhi9zVRW7xi,1,Losing It,FISHER
Favorites/Fletch (UK) & Matt Moore - Riding Hippos [Zulu Records] - Copy (1).mp3,Riding Hippos [Zulu Records] - Copy (1),Fletch (UK) & Matt Moore,,,412630,0Fu4rQq17lwY9qtQfiH39L,https://open.spotify.com/track/10uuA6CdjqNPx1qlxocPLI,0.667,Lain’s Reverie,DJ Veltro
Favorites/Fletch (UK) & Matt Moore - Riding Hippos [Zulu Records].mp3,Riding Hippos [Zulu Records],Fletch (UK) & Matt Moore,,,412630,5ZMmTqwoiEjAPGJ0oqbp75,https://open.spotify.com/track/0Fu4rQq17lwY9qtQfiH39L,1.000,Riding Hippos - Original Mix,"Fletch (UK), Matt Moore"
Favorites/Florian Picasso - This Is Our Time (Official Music Video).mp3,This Is Our Time,Florian Picasso,,,313156,4ek8VufR2cv1KK4wMcWUve,https://open.spotify.com/track/4ek8VufR2cv1KK4wMcWUve,0.9,This Is Our Time,Florian Picasso
Favorites/Flume - Hyperreal feat. Kučka.mp3,Hyperreal feat. Kučka,Flume,,,253257,3taR31bNukYke7Eq9rAkL2,https://open.spotify.com/track/3taR31bNukYke7Eq9rAkL2,0,HYPERION,"DANI, Generalen"
Favorites/Foals - Late Night (Solomun Remix) - Copy (1).mp3,Late Night (Solomun Remix) - Copy (1),Foals,,,504790,4Ci892XT7bJaq785HGqV9V,https://open.spotify.com/track/4Ci892XT7bJaq785HGqV9V,0,Tonight I'm Gonna Let Go,Syleena Johnson
Favorites/Foals - Late Night (Solomun Remix).mp3,Late Night (Solomun Remix),Foals,Late Night,2013,504790,0l2C9pw5nBeMlzQW8Xz8F9,https://open.spotify.com/track/0l2C9pw5nBeMlzQW8Xz8F9,0.7,Late Night - Solomun Remix,"Foals, Solomun"
Favorites/Fonzerelli - Moonlight Party.mp3,Moonlight Party,Fonzerelli,,,278021,3rxgySZulh3W5IF9wKrPAn,https://open.spotify.com/track/3rxgySZulh3W5IF9wKrPAn,0.9,Moonlight Party,Fonzerelli
Favorites/FormatB  - Chunky.mp3,Chunky,FormatB,,,363729,3McMQ9pHxPt8RKfl6lLCn4,https://open.spotify.com/track/3McMQ9pHxPt8RKfl6lLCn4,0.6,Chunky,Format:B
Favorites/Frances- Borrowed Time (Riton Showtime Remix).mp3,Frances- Borrowed Time (Riton Showtime Remix),,,,244297,4kOuEHQRPwatEDMEsqw0es,https://open.spotify.com/track/4kOuEHQRPwatEDMEsqw0es,0.4,Borrowed Time,"Woe, Is Me"
Favorites/Funkerman ft Enlery - We've Got The Love.mp3,We've Got The Love,Funkerman ft Enlery,,,173087,08PrcY4Yraq77MKKBPE6KM,https://open.spotify.com/track/08PrcY4Yraq77MKKBPE6KM,0.7,We've Got The Love (feat. Enlery),"Funkerman, Enlery"
Favorites/Funkin Matt - Elephant - Copy (1).mp3,Elephant - Copy (1),Funkin Matt,,,248294,6usEl6jH4JbILKTQVjKzFq,https://open.spotify.com/track/6usEl6jH4JbILKTQVjKzFq,0.8,Elephant,Funkin Matt
Favorites/Funkin Matt - Mastic.mp3,Mastic,Funkin Matt,,,156212,7gygdmfP3vZtVxY7FnYfEu,https://open.spotify.com/track/7gygdmfP3vZtVxY7FnYfEu,1,Mastic,Funkin Matt
Favorites/Funkin Matt - Rapture - Copy (1).mp3,Rapture - Copy (1),Funkin Matt,,,246413,5JEZnTlX4kzEIx1rskLBJ1,https://open.spotify.com/track/4z6ygaxvCR8osXCgT2IZa7,0.667,Rapture,"Klaas, The Bossline"
Favorites/Gabriel & Castellon - Shut Your Eyes (Zonderling Remix) [OUT NOW].mp3,Shut Your Eyes (Zonderling Remix),Gabriel & Castellon,,,286459,63bR2wdp87yRQwXn9EIeUz,https://open.spotify.com/track/63bR2wdp87yRQwXn9EIeUz,0.9,Shut Your Eyes,Gabriel & Castellon
Favorites/GERRY GONZA - Bad Bitches [CONFESSION].mp3,Bad Bitches [CONFESSION],GERRY GONZA,,,387056,6iLud6BPZFc8lDH2z6JCHr,https://open.spotify.com/track/6iLud6BPZFc8lDH2z6JCHr,1,Bad Bitches,Gerry Gonza
Favorites/Gianni Don Carlo feat. RAiK - Every Time I See You (Official Music Video).mp3,Every Time I See You,Gianni Don Carlo feat. RAiK,,,173244,5AVfUxwyPWrTjKo773j4hI,https://open.spotify.com/track/5AVfUxwyPWrTjKo773j4hI,0.7,Every Time I See You (feat. RAiK),"Gianni Don Carlo, RAiK"
Favorites/Giorgia Angiuli - Embrace Me Now (Original Mix).mp3,Embrace Me Now,Giorgia Angiuli,,,343249,4KAfg7V35iHq7A80NdOfCf,https://open.spotify.com/track/4KAfg7V35iHq7A80NdOfCf,1,Embrace Me Now,Giorgia Angiuli
Favorites/Gregor Tresher - Still.mp3,Still,Gregor Tresher,,,355344,733ZhXIvXZKFlcCrkunuin,https://open.spotify.com/track/733ZhXIvXZKFlcCrkunuin,0,Sleeping on Me 2,Vbl
Favorites/Hardwell & Joeysuki - Munster (Original Mix).mp3,Munster,Hardwell & Joeysuki,,,365113,6XQhFunV1YawQaHp6kUr30,https://open.spotify.com/track/6XQhFunV1YawQaHp6kUr30,0.6,Munster,"Hardwell, JoeySuki"
Favorites/Hardwell - Smoke (Original Club Mix).mp3,Smoke (Original Club Mix),Hardwell,,,394214,3kuZe5cJLhlI8iSloMN5CO,https://open.spotify.com/track/3kuZe5cJLhlI8iSloMN5CO,0.8,Smoke - Original Club Mix,Hardwell
Favorites/Hardwell - Three Triangles (Losing My Religion) (Original Club Mix).mp3,Three Triangles (Losing My Religion) (Original Club Mix),Hardwell,,,439040,753Iu3NzP9gFKxcsHbm3aj,https://open.spotify.com/track/753Iu3NzP9gFKxcsHbm3aj,0.8,Three Triangles (Losing My Religion) - Original Club Mix,Hardwell
Favorites/Hardwell - Three Triangles (Losing My Religion) OFFICIAL VIDEO.mp3,Three Triangles (Losing My Religion) OFFICIAL VIDEO,Hardwell,,,206655,6WSFwbGbZZcfZ5XHzFeC1l,https://open.spotify.com/track/0eZ5lZvv3gnIIjHqMOevyZ,0.703,Calling You,Reset
Favorites/Hardwell - Voyage (Original Club Mix).mp3,Voyage (Original Club Mix),Hardwell,,,371644,4XD7Du3e5TfQROBuuTKlzc,https://open.spotify.com/track/4XD7Du3e5TfQROBuuTKlzc,0.8,Voyage - Original Club Mix,Hardwell
Favorites/Hasse de Moor ft. Mike Jay - Tonight (Video Edit).mp3,Tonight,Hasse de Moor ft. Mike Jay,,,207256,42Q5OZOBKLkGCqxTyjUgYt,https://open.spotify.com/track/42Q5OZOBKLkGCqxTyjUgYt,0.6,TONIGHT,Moors
Favorites/HEART FX - Thinking Of You (Roulsen Radio Edit) - Copy (1).mp3,Thinking Of You (Roulsen Radio Edit) - Copy (1),HEART FX,,,170527,5OFcGy4Uq3tO7EsQf46e7l,https://open.spotify.com/track/5OFcGy4Uq3tO7EsQf46e7l,0,Who’s On First,Abbott & Costello
Favorites/HEART FX - Thinking Of You (Roulsen Radio Edit).mp3,Thinking Of You (Roulsen Radio Edit),HEART FX,,,170527,7tR5rYAt1oZblg8IRFGwqO,https://open.spotify.com/track/7tR5rYAt1oZblg8IRFGwqO,0.7,Thinking Of You - Roulsen Radio Edit,"HEART FX, Roulsen"
Favorites/Hey Sam - Gold Tooth [FULL SONG] - Copy (1).mp3,Gold Tooth [FULL SONG] - Copy (1),Hey Sam,,,266214,4rnTVtSCEHV2b7p8mo5AYH,https://open.spotify.com/track/4rnTVtSCEHV2b7p8mo5AYH,0,The Cookout Cypher,"Crypt, GAWNE, D.I.L.E.M.A., Grizzy Hendrix, Elijah Kyle, King Blitz, Murkemz, Thatguymilehigh, Postcard, HollaAtKrazy"
Favorites/Hey Sam - Gold Tooth [FULL SONG] - Copy (2).mp3,Gold Tooth [FULL SONG] - Copy (2),Hey Sam,,,266214,4DgLYitWdVWksWUA751EEL,https://open.spotify.com/track/4DgLYitWdVWksWUA751EEL,0,Bhampa,Pro Kid
Favorites/Hey Sam - Gold Tooth [FULL SONG].mp3,Gold Tooth [FULL SONG],Hey Sam,,,266214,4JUr8sMqX5HGb7d17tx7iX,https://open.spotify.com/track/7wHYbWT6A7APslLWFXOC2p,1.000,No Truck Song,Tim Hicks
Favorites/HI-LO & Sander van Doorn - WTF (Official Music Video).mp3,WTF,HI-LO & Sander van Doorn,,,227527,18rxxU3lErSMcyoYIXR4k1,https://open.spotify.com/track/18rxxU3lErSMcyoYIXR4k1,0.6,WTF,SCRIPT
Favorites/His Majesty Andre - Dry Tool (Elisa Bee Crazy Sisters Bootleg) .DUBSIDE..mp3,Dry Tool (Elisa Bee Crazy Sisters Bootleg) .DUBSIDE.,His Majesty Andre,,,196153,380B4H9JdSzDqjdJFtTykb,https://open.spotify.com/track/380B4H9JdSzDqjdJFtTykb,0,Be A Man You Ant - Original Mix,André Bratten
Favorites/HOLDON - Blossom - Copy (1).mp3,Blossom - Copy (1),HOLDON,,,182648,5kAv0wk38BRqdMPbaGbKQe,https://open.spotify.com/track/5kAv0wk38BRqdMPbaGbKQe,0.4,Blossom,VisionV
Favorites/HOLDON - Blossom.mp3,Blossom,HOLDON,,,182648,5yyZaQx9kGnAqxXAxNvIE7,https://open.spotify.com/track/5yyZaQx9kGnAqxXAxNvIE7,1,Blossom,HOLDON
Favorites/Hook N Sling - Break Yourself ft. Far East Movement - Copy (1).mp3,Break Yourself ft. Far East Movement - Copy (1),Hook N Sling,,,200647,4j5UF24fwzvkw6QtNH5YtK,https://open.spotify.com/track/4j5UF24fwzvkw6QtNH5YtK,0.2,Afterparty,"Loud Luxury, Hook N Sling"
Favorites/Hook N Sling - Break Yourself ft. Far East Movement.mp3,Break Yourself ft. Far East Movement,Hook N Sling,,,200647,4jp5n7GXePXOTFOM87O8OB,https://open.spotify.com/track/4jp5n7GXePXOTFOM87O8OB,0.1,Fly By Night,"Broiler, Tish Hyman"
Favorites/Hurts - Wonderful Life   (DJ Nejtrino  DJ Stranger Remix ).mp3,Wonderful Life (DJ Nejtrino DJ Stranger Remix ),Hurts,,,266971,57cVWZMZVXpacFiPOnAxSH,https://open.spotify.com/track/57cVWZMZVXpacFiPOnAxSH,0,Walls,Ruben
Favorites/Imagine Dragons - Whatever It Takes (Yvan Finzi Remix).mp3,Whatever It Takes (Yvan Finzi Remix),Imagine Dragons,,,365793,6Qn5zhYkTa37e91HC1D7lb,https://open.spotify.com/track/0LMwmV37RCmBO2so0szAFs,0.600,Whatever,"Kygo, Ava Max"
Favorites/International Pony - Our House (Vas Floyd remix).mp3,Our House (Vas Floyd remix),International Pony,,,367595,3asDsUPx9ik7Pqhkp6WLQv,https://open.spotify.com/track/3asDsUPx9ik7Pqhkp6WLQv,0,Flop Gang - Gucci Gone,Jack Taylor Wellness
Favorites/Jack Wins - I Used To Love You (feat. Francci Richard) - Copy (1).mp3,I Used To Love You (feat. Francci Richard) - Copy (1),Jack Wins,,,336953,38kTK9Qnk4McGIabswcF6j,https://open.spotify.com/track/38kTK9Qnk4McGIabswcF6j,0.4,Used to love you,Emma Steinbakken
Favorites/Jack Wins - I Used To Love You (feat. Francci Richard).mp3,I Used To Love You (feat. Francci Richard),Jack Wins,,,336953,7hXocDvLnqDaFTNAEfl47T,https://open.spotify.com/track/7hXocDvLnqDaFTNAEfl47T,0.6,I Used to Love You (feat. Francci Richard) - Dub Mix,"Jack Wins, Francci Richard"
Favorites/Jack Wins feat. RAPHAELLA - Hometown (Out Now!).mp3,Hometown,Jack Wins feat. RAPHAELLA,,,159347,2MxZo17yG1DRR1YnY9asnY,https://open.spotify.com/track/7lGFhMz82a1566htaorexX,0.912,Hometown (feat. RAPHAELLA) - Radio Edit,"Jack Wins, Raphaella"
Favorites/Janelle Monáe - Make Me Feel (EDX Dubai Skyline Remix) (Official Video).mp3,Make Me Feel (EDX Dubai Skyline Remix),Janelle Monáe,,,271412,2m7QTaFkY4n1EEqZyVvAPe,https://open.spotify.com/track/2m7QTaFkY4n1EEqZyVvAPe,0.6,Make Me Feel - EDX Dubai Skyline Remix,"Janelle Monáe, EDX"
Favorites/Jax Jones - Yeah Yeah Yeah.mp3,Yeah Yeah Yeah,Jax Jones,You Don't Know Me,2016,223138,6gWGSfzjmrSSA9OWzHRPQV,https://open.spotify.com/track/6gWGSfzjmrSSA9OWzHRPQV,0.75,Yeah Yeah Yeah - Radio Edit,Jax Jones
Favorites/Jay Hardway - Scio (Extended Mix) - Copy (1).mp3,Scio - Copy (1),Jay Hardway,,,292389,4O2gRMLAIQYHXe25wjeTFj,https://open.spotify.com/track/4O2gRMLAIQYHXe25wjeTFj,0.3,Electric Elephants,Jay Hardway
Favorites/Jay Hardway - Scio (Extended Mix).mp3,Scio,Jay Hardway,,,292389,37XYXmjD5eh8PSblf02AJN,https://open.spotify.com/track/37XYXmjD5eh8PSblf02AJN,0.9,Scio,Jay Hardway
Favorites/Jelle Slump - Wanderlust (ft. Aidan O'Brien).mp3,Wanderlust (ft. Aidan O'Brien),Jelle Slump,,,207099,4xqPNwRkLyiiV2oqju92ie,https://open.spotify.com/track/4xqPNwRkLyiiV2oqju92ie,0,VIS MEG DIN VERDEN,"Marstein, Aiba"
Favorites/Joe Stone - The Party ft. Montell Jordan (This Is How We Do It) [Official Music Video].mp3,The Party ft. Montell Jordan (This Is How We Do It),Joe Stone,,,186540,4DEakFTIhXT6JFyCsQUffd,https://open.spotify.com/track/78sgLcgLpfVMrbcEboK9dw,0.689,The Party (This Is How We Do It) [made popular by Joe Stone ft. Montell Jordan] [vocal version],Party Tyme
Favorites/Joel Fletcher & Reece Low - Chur [Free].mp3,Chur [Free],Joel Fletcher & Reece Low,,,241685,0ttvVRs6Fshh9IkuAQYeOa,https://open.spotify.com/track/0ttvVRs6Fshh9IkuAQYeOa,0,Bang Freestyle,"The Game, Big Hit"
Favorites/Jos Van Limpt -DE KLAK.mp3,Jos Van Limpt -DE KLAK,,,,221257,1upoVVSeckkvIU57ZlR8w2,https://open.spotify.com/track/1upoVVSeckkvIU57ZlR8w2,0,Klik klak,"THC, RBDjan, Rocks, d’Tuniz, Zuen"
Favorites/Joy Kitikonti - Dirty Summer - Copy (1).mp3,Dirty Summer - Copy (1),Joy Kitikonti,,,199837,4i4BQdFhwmhmyWQwfzq3Nc,https://open.spotify.com/track/4i4BQdFhwmhmyWQwfzq3Nc,0.7,Dirty Summer (Dirty Rock),Joy Kitikonti
Favorites/JUDE & FRANK - La Luna (Original Mix) - Copy (1).mp3,La Luna - Copy (1),JUDE & FRANK,,,401580,4QtiVmuA88tPQiCOHZuQ5b,https://open.spotify.com/track/4QtiVmuA88tPQiCOHZuQ5b,0,"1, 2, 3 (feat. Jason Derulo & De La Ghetto)","Sofía Reyes, Jason Derulo, De La Ghetto"
Favorites/JUDE & FRANK - La Luna (Original Mix).mp3,La Luna,JUDE & FRANK,,,401580,3wcPBR7vi8noJrvcj8rdmZ,https://open.spotify.com/track/3wcPBR7vi8noJrvcj8rdmZ,0.8,La Luna,"Jude & Frank, Totó La Momposina"
Favorites/Just Kiddin x Dirty Radio - My Life (Official Lyric Video).mp3,My Life,Just Kiddin x Dirty Radio,,,208901,22fRcII6LTYa4R50Q8pgcY,https://open.spotify.com/track/2FZJfzp1zNRioy1YBlT9Co,0.930,734 (Shortened),luvupauly
Favorites/Jyye - Fooling Me (Official Lyric Video).mp3,Fooling Me,Jyye,,,214413,3fqsnTeqWa0I3CzUNXo9La,https://open.spotify.com/track/3fqsnTeqWa0I3CzUNXo9La,0.95,Fooling Me,Jyye
Favorites/JØRD & WhoMadeWho - Heads Above.mp3,Heads Above,JØRD & WhoMadeWho,,,246883,6mWxPegXlwYraj2bzg5bEH,https://open.spotify.com/track/6mWxPegXlwYraj2bzg5bEH,0.6,Whomadewho About - Heads Above - Commentary,WhoMadeWho
Favorites/Kenn Colt & Hiisak - Come On Sugar (Official Music Video).mp3,Come On Sugar,Kenn Colt & Hiisak,,,159765,1yxs0ojfhHY7P0AvqR0MMd,https://open.spotify.com/track/1yxs0ojfhHY7P0AvqR0MMd,0.6,Come On Sugar,"Kenn Colt, HIISAK"
Favorites/Kim Carnes - Bette Davis Eyes.mp3,Bette Davis Eyes,Kim Carnes,,,218018,0odIT9B9BvOCnXfS0e4lB5,https://open.spotify.com/track/0odIT9B9BvOCnXfS0e4lB5,0.9,Bette Davis Eyes,Kim Carnes
Favorites/Kollektiv Turmstrasse - Sorry I'm Late (Original Mix).mp3,Sorry I'm Late,Kollektiv Turmstrasse,,,490162,4FpawvuBz4HxTz7UqR4ter,https://open.spotify.com/track/4FpawvuBz4HxTz7UqR4ter,0.667,Sorry I Am Late - Extended,Kollektiv Turmstrasse
Favorites/Kraak & Smaak ft. IVAR - Scorched (Official Music Video).mp3,Scorched,Kraak & Smaak ft. IVAR,,,195762,0uW63C5aLsy3ZolsUXYFjf,https://open.spotify.com/track/0uW63C5aLsy3ZolsUXYFjf,0.05,As Far As We Go,SKAAR
Favorites/Lana Del Rey - Summertime Sadness (Cedric Gervais Remix).mp3,Summertime Sadness (Cedric Gervais Remix),Lana Del Rey,,,415530,1JuJhLRJJoO9BKNcbO4QkU,https://open.spotify.com/track/1JuJhLRJJoO9BKNcbO4QkU,0.65,Summertime Sadness [Lana Del Rey vs. Cedric Gervais] - Cedric Gervais Extended Remix,"Lana Del Rey, Cedric Gervais, Carlos Cid"
Favorites/Leon Bolier - Me (Official Music Video) [HD].mp3,Me,Leon Bolier,,,243879,31k7ATNZyXRERslFTvxpMP,https://open.spotify.com/track/31k7ATNZyXRERslFTvxpMP,0.8,Away from Me,Leon Bolier
Favorites/Leon Bolier - Us (Official Video).mp3,Us,Leon Bolier,,,257358,3WXdkb0HP1jCR13RL1JUa5,https://open.spotify.com/track/3WXdkb0HP1jCR13RL1JUa5,0.9,US,Leon Bolier
Favorites/Leon Bolier - You [Official Music Video] [HD].mp3,You,Leon Bolier,,,214100,21JBlig27O7HWX0WZZOVzX,https://open.spotify.com/track/21JBlig27O7HWX0WZZOVzX,0.7,Your Loving Arms (ASOT 1216) [Progressive Pick] - BLR Remix,"Karen Overton, Leon Bolier, BLR"
Favorites/Loud Luxury & Ryan Shepherd - Fill Me In.mp3,Fill Me In,Loud Luxury & Ryan Shepherd,,,219873,0OWMb0mr5PZvb8VoI8qNTq,https://open.spotify.com/track/0OWMb0mr5PZvb8VoI8qNTq,0.7,Fill Me In,"Loud Luxury, Ryan Shepherd"
Favorites/Loud Luxury & Ryan Shepherd - Something To Say (Official Music Video) - Copy (1).mp3,Something To Say - Copy (1),Loud Luxury & Ryan Shepherd,,,230139,6LZcgRnJ0nnwHXp5D0rQXE,https://open.spotify.com/track/6LZcgRnJ0nnwHXp5D0rQXE,0,Saiyan Cypher,"Fabvl, Joey Nato, Dreaded Yasuke, Dan Bull, Shwabadi, GameboyJones, None Like Joshua, Zach Boucher, Connor Quest!, DizzyEight"
Favorites/Loud Luxury & Ryan Shepherd - Something To Say (Official Music Video).mp3,Something To Say,Loud Luxury & Ryan Shepherd,,,230139,6liGqN48zCba8OPKVu9oDn,https://open.spotify.com/track/6liGqN48zCba8OPKVu9oDn,0,Light Tunnels (feat. Mike Slap),"Macklemore & Ryan Lewis, Macklemore, Ryan Lewis, Mike Slap"
Favorites/Loud Luxury feat. Brando – Body! 2017.mp3,Loud Luxury feat. Brando – Body! 2017,,,,192810,3kjMavrQ4aKOluRKhUtTFo,https://open.spotify.com/track/3kjMavrQ4aKOluRKhUtTFo,0.05,Thank God Part One,July Frvr
Favorites/Lucky Charmes - What's Up!.mp3,What's Up!,Lucky Charmes,,,188656,6m5EJU2uKbnCoVlZfhqjEL,https://open.spotify.com/track/6m5EJU2uKbnCoVlZfhqjEL,0.6,What's Up!?,Charmes
Favorites/Lucky Charmes ft. Da Professor - Ready (Official Music Video) - Copy (1).mp3,Ready - Copy (1),Lucky Charmes ft. Da Professor,,,194456,5nVnOxgYyLNRTlcZbOTnrQ,https://open.spotify.com/track/5nVnOxgYyLNRTlcZbOTnrQ,0.1,Lucky Charm,"DJ Moiz, Batooke Native, Bay-C"
Favorites/Lucky Charmes ft. Da Professor - Ready (Official Music Video).mp3,Ready,Lucky Charmes ft. Da Professor,,,194456,4vIGpNvSsYypq0EgKXPz0D,https://open.spotify.com/track/4vIGpNvSsYypq0EgKXPz0D,0,COSTOSO #FREESIMBA (feat. Simba La Rue),"Sadturs, KIID, FT Kings, Simba La Rue"
Favorites/M.A.N.D.Y. vs Booka Shade - Body Language.mp3,Body Language,M.A.N.D.Y. vs Booka Shade,,,436036,6ylTYzM36vZTh00OlRjgmu,https://open.spotify.com/track/6ylTYzM36vZTh00OlRjgmu,0.7,Body Language - Danniel Selfmade Dub Mix,M.A.N.D.Y. vs Booka Shade
Favorites/M4KI - Changed Mind (Wülf Boi Remix) [Drum'n'Bass].mp3,Changed Mind (Wülf Boi Remix) [Drum'n'Bass],M4KI,,,223608,02itpMde9fcQ57MeUmQvyg,https://open.spotify.com/track/02itpMde9fcQ57MeUmQvyg,0,STYLE,Shikriwal
Favorites/MAGNÜS & Easteroute - Motion (ft. Alex Hackett) - Copy (1).mp3,Motion (ft. Alex Hackett) - Copy (1),MAGNÜS & Easteroute,,,203024,39a6afbXGASwExdvtRYprb,https://open.spotify.com/track/39a6afbXGASwExdvtRYprb,0,Blåmuggost - Bjørn Torske Remix,"Motion Control, Bjørn Torske"
Favorites/MAGNÜS & Easteroute - Motion (ft. Alex Hackett).mp3,Motion (ft. Alex Hackett),MAGNÜS & Easteroute,,,203024,3p2hq6954LSlTEh6nMhb3f,https://open.spotify.com/track/3p2hq6954LSlTEh6nMhb3f,0,Magnus feat Don Brunello,"Dirty Oppland, Jaa9, Pi, Akjeft, OnklP, MadsMedD, Defekt"
Favorites/Mark Knight & D.Ramirez V Underworld - Downpipe (Armin van Buuren Remix).mp3,Downpipe (Armin van Buuren Remix),Mark Knight & D.Ramirez V Underworld,,,234893,0h2U1S9mnbD9jxYHYjoZoE,https://open.spotify.com/track/0h2U1S9mnbD9jxYHYjoZoE,0.4,Downpipe (Mix Cut) - Armin van Buuren Remix,"Mark Knight, D. Ramirez, Underworld, Armin van Buuren"
Favorites/Martin Garrix & Brooks - Byte (Official Video).mp3,Byte,Martin Garrix & Brooks,,,230922,20hsdn8oITBsuWNLhzr5eh,https://open.spotify.com/track/20hsdn8oITBsuWNLhzr5eh,0.6,Byte,"Martin Garrix, Brooks"
Favorites/Martin Garrix & Dua Lipa - Scared To Be Lonely (Funkin Matt Remix) - Copy (1).mp3,Scared To Be Lonely (Funkin Matt Remix) - Copy (1),Martin Garrix & Dua Lipa,,,218070,3ebXMykcMXOcLeJ9xZ17XH,https://open.spotify.com/track/2uIqAH4YQ7oD8rPVujlTZf,0.722,Running,Ruben
Favorites/Martin Garrix & Mesto - WIEE - Copy (1).mp3,WIEE - Copy (1),Martin Garrix & Mesto,,,211096,70LDxWCoJKuxpgtErYHDQb,https://open.spotify.com/track/70LDxWCoJKuxpgtErYHDQb,0,Peace of Flood,"Sebastian Ingrosso, Martin Garrix, Citadelle"
Favorites/Martin Garrix & Mesto - WIEE.mp3,WIEE,Martin Garrix & Mesto,,,211096,6uCsQ6JlUCEKTRhC2kQjPK,https://open.spotify.com/track/6uCsQ6JlUCEKTRhC2kQjPK,0.6,WIEE (feat. Mesto),"Martin Garrix, Mesto"
Favorites/Martin Garrix - Animals (Official Video).mp3,Animals,Martin Garrix,,,191608,0A9mHc7oYUoCECqByV8cQR,https://open.spotify.com/track/0A9mHc7oYUoCECqByV8cQR,0.9,Animals,Martin Garrix
Favorites/Marvin Gaye - Sexual Healing (SNBRN Remix).mp3,Sexual Healing (SNBRN Remix),Marvin Gaye,,,273058,0qy2vtzF9YFDMY1hZDmPbu,https://open.spotify.com/track/0qy2vtzF9YFDMY1hZDmPbu,0.7,Sexual Healing - SNBRN Remix,"Marvin Gaye, SNBRN"
Favorites/Mat Zo & Arty - Mozart (OFFICIAL MUSIC VIDEO) - Copy (1).mp3,Mozart - Copy (1),Mat Zo & Arty,,,218723,5znOLk65impcVZeDK9T2ic,https://open.spotify.com/track/5znOLk65impcVZeDK9T2ic,0,Keď Budeš Na Compe,Horkýže Slíže
Favorites/Mat Zo & Arty - Mozart (OFFICIAL MUSIC VIDEO) - Copy (2).mp3,Mozart - Copy (2),Mat Zo & Arty,,,218723,3o6hnYHQGPs59NUQmJ1bqh,https://open.spotify.com/track/7yki79iN6WvxbxfmyqIZyN,0.600,Ladke Dhool,"Hardbone boy, merxury, SPEAKING BEATS"
Favorites/Matto - Back To (ft. Beatrich).mp3,Back To (ft. Beatrich),Matto,,,222563,5ZGWjOSP2VkdvR7zNRIOBj,https://open.spotify.com/track/5ZGWjOSP2VkdvR7zNRIOBj,0.05,The Road Company (Mount Vernon Sessions),Emory Quinn
Favorites/Melokee - Have a Nice Day Ft. Mijast.mp3,Have a Nice Day Ft. Mijast,Melokee,,,285127,0RIUFmjAJDlLTS3FlNOYhx,https://open.spotify.com/track/0RIUFmjAJDlLTS3FlNOYhx,0.05,Truth Is Out Of Style - Radio Edit,"MC 900 Ft. Jesus, DJ Zero"
Favorites/Menshee - Never (Official Music Video).mp3,Never,Menshee,,,192052,61DKg2jQJxJeOQVVfmiu7n,https://open.spotify.com/track/61DKg2jQJxJeOQVVfmiu7n,0.95,Never,Menshee
Favorites/MERCER ft. Ron Carroll - Satisfy (Official Audio).mp3,Satisfy,MERCER ft. Ron Carroll,,,184973,5u5bgOaZ5ZD6B7gGN5Ah71,https://open.spotify.com/track/5u5bgOaZ5ZD6B7gGN5Ah71,0.7,Satisfy (feat. Ron Carroll),"Mercer, Ron Carroll"
Favorites/Merk & Kremont - Invisible (Official Music Video) - Copy (1).mp3,Invisible - Copy (1),Merk & Kremont,,,150962,64s6G0QwcXmfQtXHq9aBVs,https://open.spotify.com/track/64s6G0QwcXmfQtXHq9aBVs,0.1,Kobe,"SNIK, TOQUEL"
Favorites/Merk & Kremont - Invisible (Official Music Video).mp3,Invisible,Merk & Kremont,,,150962,2KDYTHSdfxrUPpFW9JJZ4W,https://open.spotify.com/track/2KDYTHSdfxrUPpFW9JJZ4W,0.9,Invisible,Merk & Kremont
Favorites/Michael Jackson - You Rock My World (Official Video) - Copy (1).mp3,You Rock My World - Copy (1),Michael Jackson,,,812199,1Lhwn4PqeGpM4LTVUowW76,https://open.spotify.com/track/1Lhwn4PqeGpM4LTVUowW76,0.7,You Rock My World,Michael Jackson
Favorites/Miike Snow - Genghis Khan (Hook N Sling Remix) - Copy (1).mp3,Genghis Khan (Hook N Sling Remix) - Copy (1),Miike Snow,,,272927,3woHCu0QKrjnmmMm3MJ3xg,https://open.spotify.com/track/3woHCu0QKrjnmmMm3MJ3xg,0,Spiders - Finnebassen Remix,"Gundelach, Finnebassen"
Favorites/Miike Snow - Genghis Khan (Hook N Sling Remix).mp3,Genghis Khan [Hook N Sling Remix],Miike Snow,Genghis Khan [Remixes],2016,272927,5KeJlyJA1eVQWo6kBIjzbX,https://open.spotify.com/track/5KeJlyJA1eVQWo6kBIjzbX,0.7,Genghis Khan - Hook n Sling Remix,"Miike Snow, Hook N Sling"
Favorites/Mike Williams - Bambini (Official Music Video).mp3,Bambini,Mike Williams,,,167079,3xo0qpgOHGwpwsj0PRRmbZ,https://open.spotify.com/track/3xo0qpgOHGwpwsj0PRRmbZ,0.95,Bambini,Mike Williams
Favorites/Mike Williams - Give It Up (Official Music Video).mp3,Give It Up,Mike Williams,,,196101,3MqV9Ss6QyZ79lJ6cdMiiE,https://open.spotify.com/track/3MqV9Ss6QyZ79lJ6cdMiiE,0.9,Give It Up,Mike Williams
Favorites/Mike Williams x Brooks - Jetlag (Official Music Video).mp3,Jetlag,Mike Williams x Brooks,,,160209,5HVWA8Jm07fwuU1b9B0W3T,https://open.spotify.com/track/5HVWA8Jm07fwuU1b9B0W3T,0.6,Jetlag,"Mike Williams, Brooks"
Favorites/MK - 17 (Lyric Video).mp3,17,MK,,,196676,15DwFznkBJir7AK9PyMyRR,https://open.spotify.com/track/15DwFznkBJir7AK9PyMyRR,1,17,MK
Favorites/Moderat - Bad Kingdom.mp3,Bad Kingdom,Moderat,,,265587,52XjrfqvrxaMtjCDYEKkXN,https://open.spotify.com/track/52XjrfqvrxaMtjCDYEKkXN,1,Bad Kingdom,Moderat
Favorites/Mory Kante - Yeke Yeke (Afro-Acid Remix).mp3,Yeke Yeke (Afro-Acid Remix),Mory Kante,,,328438,23swWFM09SorjMMsWCddg3,https://open.spotify.com/track/23swWFM09SorjMMsWCddg3,0.4,Yeke Yeke - Extended Mix,"Andy Galea, Mory Kanté"
Favorites/MOUNT & Nicolas Haelg - Something Good (Original Mix).mp3,Something Good,MOUNT & Nicolas Haelg,,,270211,0uvq2edGXsZZKJwkzBYKhv,https://open.spotify.com/track/0uvq2edGXsZZKJwkzBYKhv,0.6,Something Good,"MOUNT, Nicolas Haelg"
Favorites/Muzzaik & Stadiumx - So Much Love (Official Music Video) - Copy (1).mp3,So Much Love - Copy (1),Muzzaik & Stadiumx,,,200176,0sSlquw5Lx9eXqlSlTrOiW,https://open.spotify.com/track/0sSlquw5Lx9eXqlSlTrOiW,0.764,So Much Love,"Muzzaik, Stadiumx"
Favorites/Nari & Milani feat. Tava - Twilight - Copy (1).mp3,Twilight - Copy (1),Nari & Milani feat. Tava,,,211278,2TGnceSCoSKZBBn8D4WkgS,https://open.spotify.com/track/2TGnceSCoSKZBBn8D4WkgS,0.5,Twilight (feat. Tava),"Nari & Milani, Tava"
Favorites/Oliver $ & Jimi Jules - Pushing On (Official Video).mp3,Pushing On,Oliver $ & Jimi Jules,,,176797,7rnIqTNiY8UDLoDIoG0W2l,https://open.spotify.com/track/2xO5HHSZq0LwWRNqtDKhFo,0.710,Pushing On - Radio Edit,"Oliver Dollar, Jimi Jules"
Favorites/Oliver Heldens - I Don't Wanna Go Home (Official Music Video) - Copy (1).mp3,I Don't Wanna Go Home - Copy (1),Oliver Heldens,,,209842,0YnN9IJPhKR0HGDVG5ebtf,https://open.spotify.com/track/7DkQqSa6FRNzgl5ShghR5r,0.703,Fresh and Dope,"Jeriq, Blaqbonez"
Favorites/Oliver Heldens feat. Ida Corr - Good Life (Florian Picasso Remix) - Copy (1).mp3,Good Life (Florian Picasso Remix) - Copy (1),Oliver Heldens feat. Ida Corr,,,215301,5e6WxhUSkrP3MOgEXLe640,https://open.spotify.com/track/5e6WxhUSkrP3MOgEXLe640,0.4,Good Life,Toini & The Tomcats
Favorites/Oliver Heldens feat. Ida Corr - Good Life (Florian Picasso Remix).mp3,Good Life (Florian Picasso Remix),Oliver Heldens feat. Ida Corr,,,215301,7FJVrTfU5eWPQowHttM4Rp,https://open.spotify.com/track/7FJVrTfU5eWPQowHttM4Rp,0.6,Good Life (feat. Elderbrook),"goodlife, Elderbrook"
Favorites/Osrin & Stemalø - Take Him Home.mp3,Take Him Home,Osrin & Stemalø,,,186044,3BdQ1KIBN86qkKiPwxRB8d,https://open.spotify.com/track/3BdQ1KIBN86qkKiPwxRB8d,0.7,Take Him Home,"Osrin, Stemalø"
Favorites/Paul Ritch - Run Baby Run (Original Mix) [Drumcode].mp3,Run Baby Run [Drumcode],Paul Ritch,,,501081,09yqdBHDTeUGoMlTSem1oH,https://open.spotify.com/track/09yqdBHDTeUGoMlTSem1oH,1,Run Baby Run,Paul Ritch
Favorites/PBH & Jack Shizzle - Bring The House.mp3,Bring The House,PBH & Jack Shizzle,,,173767,1aUIdvSTusovaY9XQAV6fE,https://open.spotify.com/track/1aUIdvSTusovaY9XQAV6fE,0.9,Bring The House,PBH & JACK
Favorites/Pep & Rash X Lucas & Steve - Feel Alive (Original Mix) (Spinnin Records) ( Available Soon).mp3,Feel Alive (Spinnin Records) ( Available Soon),Pep & Rash X Lucas & Steve,,,170789,15J54YXr8wiW7P6gj7g552,https://open.spotify.com/track/15J54YXr8wiW7P6gj7g552,0.65,Feel Alive,"Lucas & Steve, Pep & Rash"
Favorites/Placebo - Running Up That Hill (Dibby Dougherty & David Young's 'DhARMA' Remix).mp3,Running Up That Hill (Dibby Dougherty & David Young's 'DhARMA' Remix),Placebo,,,391863,2uIqAH4YQ7oD8rPVujlTZf,https://open.spotify.com/track/2uIqAH4YQ7oD8rPVujlTZf,0.4,Running,Ruben
Favorites/Pryda & Empire of The Sun - We mirage the people.mp3,We mirage the people,Pryda & Empire of The Sun,,,442488,29d8SWZYrIRH9ORzvmkLJc,https://open.spotify.com/track/29d8SWZYrIRH9ORzvmkLJc,0,We Are Mirage - Radio Edit,"Empire Of The Sun, Eric Prydz"
Favorites/Purple Disco Machine - My House (Original Mix).mp3,My House,Purple Disco Machine,,,370051,25aqNQ9xQLl0zx4WuB9oXp,https://open.spotify.com/track/3RiRFyvasDtAv8n0AQUKFG,1.000,Feel My Needs - Purple Disco Machine Remix,"WEISS, Purple Disco Machine"
Favorites/Raiden & Tom Tyger - C’est La Vibe.mp3,C’est La Vibe,Raiden & Tom Tyger,,,168725,7DX0TPi1b8IV0gSdMKAClT,https://open.spotify.com/track/7DX0TPi1b8IV0gSdMKAClT,0.7,C'est La Vibe,"Raiden, Tom Tyger"
Favorites/Redondo & DeepMe - White Keys (Official Music Video).mp3,White Keys,Redondo & DeepMe,,,200908,4Ri0AkjVnbuTeSVrhfVpHP,https://open.spotify.com/track/4Ri0AkjVnbuTeSVrhfVpHP,0.7,White Keys,"Redondo, DeepMe"
Favorites/REESE x HMLTN - Body On Me.mp3,Body On Me,REESE x HMLTN,,,237584,3BXcvqbwds7xnHGgbFBfXP,https://open.spotify.com/track/3BXcvqbwds7xnHGgbFBfXP,0,Kendrick You Next,Meek Mill
Favorites/Route 94 - My Love (Official Video) ft. Jess Glynne.mp3,My Love ft. Jess Glynne,Route 94,,,190224,2nljjiWhzVIugb5vgEMQQk,https://open.spotify.com/track/2nljjiWhzVIugb5vgEMQQk,0.65,My Love (2024),"Alex Wann, Route 94, Jess Glynne"
Favorites/Roy Greco - Comeback - Copy (1).mp3,Comeback - Copy (1),Roy Greco,,,245055,5nwR3T835oT9WDYryGU5Rt,https://open.spotify.com/track/5nwR3T835oT9WDYryGU5Rt,0.600,Comeback - Original Mix,Roy Greco
Favorites/Ryan Blyth & After 6 -  Show Me (ft. Malisha Bleau) - Copy (1).mp3,Show Me (ft. Malisha Bleau) - Copy (1),Ryan Blyth & After 6,,,300042,2RzLCfWMkXVWWquwf9wY4K,https://open.spotify.com/track/2RzLCfWMkXVWWquwf9wY4K,0.4,Show Me,"Ryan Blyth, After 6, Malisha Bleau"
Favorites/Ryan Blyth & After 6 -  Show Me (ft. Malisha Bleau).mp3,Show Me (ft. Malisha Bleau),Ryan Blyth & After 6,,,300042,0QnnC448XBu6cnYX6n5vzl,https://open.spotify.com/track/0QnnC448XBu6cnYX6n5vzl,0,On My Toes,Mac Dre
Favorites/SG Lewis - Hurting (ft. AlunaGeorge).mp3,Hurting (ft. AlunaGeorge),SG Lewis,,,185156,7h8e5oCD5ZRu0VPNHEN6A5,https://open.spotify.com/track/7h8e5oCD5ZRu0VPNHEN6A5,0.9,Hurting (feat. AlunaGeorge),"SG Lewis, AlunaGeorge"
Favorites/Showtek & MOTi - Down Easy (Zonderling Remix) (ft. Starley & Wyclef Jean).mp3,Down Easy (Zonderling Remix) (ft. Starley & Wyclef Jean),Showtek & MOTi,,,167393,1csZNy20RFB0Ut8t6wtOHW,https://open.spotify.com/track/1csZNy20RFB0Ut8t6wtOHW,0.05,Strip,Isah
Favorites/Soleeman - Into the Deep (Tripping Melodic Techno).mp3,Into the Deep (Tripping Melodic Techno),Soleeman,,,493740,4CiVz4bw7X1zjCaJ5ZwxUS,https://open.spotify.com/track/4CiVz4bw7X1zjCaJ5ZwxUS,0,Watch The World Burn,Falling In Reverse
Favorites/Tchami & AC Slater - Missing You ft. Kaleem Taylor.mp3,Missing You ft. Kaleem Taylor,Tchami & AC Slater,,,223869,47QwZG9DGA97qTESmGZjQl,https://open.spotify.com/track/47QwZG9DGA97qTESmGZjQl,0.4,Missing You (feat. AC Slater & Kaleem Taylor),"Tchami, AC Slater, Kaleem Taylor"
Favorites/The Aston Shuffle - Only 1 feat. Nathaniel S Lewis.mp3,Only 1 feat. Nathaniel S Lewis,The Aston Shuffle,,,232281,5xctjI3ePY6555Z82wLmXW,https://open.spotify.com/track/5xctjI3ePY6555Z82wLmXW,0.7,Only 1 (feat. Nathaniel S Lewis),"The Aston Shuffle, Nathaniel S Lewis"
Favorites/The Aston Shuffle - Pass You By.mp3,Pass You By,The Aston Shuffle,,,223321,36WpNXJOt6cmWvtA7bNk61,https://open.spotify.com/track/36WpNXJOt6cmWvtA7bNk61,1,Pass You By,The Aston Shuffle
Favorites/The Ian Carey Project - Get Shaky [Official Music Video].mp3,Get Shaky,The Ian Carey Project,,,177842,42O31gY8N28p4DAk7YYkeM,https://open.spotify.com/track/42O31gY8N28p4DAk7YYkeM,0.8,Get Shaky (Macon's Remix),"The Ian Carey Project, Macon"
Favorites/The Maneken - The Recipe - Copy (1).mp3,The Recipe - Copy (1),The Maneken,,,291814,362blQzv8PJR6oOBxcW8Yx,https://open.spotify.com/track/3NASP9IkcrulrSZl8otyFd,0.750,The Recipe,Death By Unga Bunga
Favorites/The Potbelleez - Keep On Loving (Official Music Video).mp3,Keep On Loving,The Potbelleez,,,197068,3VALmIEwaR2g9AHhtcfIQ1,https://open.spotify.com/track/3VALmIEwaR2g9AHhtcfIQ1,1,Keep on Loving,The Potbelleez
Favorites/The Shapeshifters - Helter Skelter [OFFICIAL VIDEO].mp3,Helter Skelter,The Shapeshifters,,,160052,7DLyzoeSTjUJKVPG3rH2lx,https://open.spotify.com/track/7DLyzoeSTjUJKVPG3rH2lx,0.9,Helter Skelter,The Shapeshifters
Favorites/The Weeknd - Can't Feel My Face (Martin Garrix Remix) (Official Music Video) - Copy (1).mp3,Can't Feel My Face (Martin Garrix Remix) - Copy (1),The Weeknd,,,253309,463Zbb2V5mG4mFflg2RS41,https://open.spotify.com/track/4xqPNwRkLyiiV2oqju92ie,0.623,VIS MEG DIN VERDEN,"Marstein, Aiba"
Favorites/The Weeknd - Can't Feel My Face (Martin Garrix Remix) (Official Music Video).mp3,Can't Feel My Face (Martin Garrix Remix),The Weeknd,,,253309,22SXyL6pUjwIvGWvgGjLov,https://open.spotify.com/track/22SXyL6pUjwIvGWvgGjLov,0.7,Can't Feel My Face - Martin Garrix Remix,"The Weeknd, Martin Garrix"
Favorites/Three Drives - Greece 2000 (Original Mix).mp3,Greece 2000,Three Drives,,,487445,0TZL4krCFcuTlYZ8J9kcBX,https://open.spotify.com/track/0TZL4krCFcuTlYZ8J9kcBX,0.8,Greece 2000,"Three Drives On A Vinyl, Three Drives"
Favorites/Tiefenrausch - Running Up That Hill (Original Mix).mp3,Running Up That Hill,Tiefenrausch,,,362423,0uYVJ8z5kgMayMNPJA6Cz9,https://open.spotify.com/track/0uYVJ8z5kgMayMNPJA6Cz9,0.6,Running Up That Hill,Placebo
Favorites/Tom Ferry - Forbidden Love (Dub Mix).mp3,Forbidden Love (Dub Mix),Tom Ferry,,,207438,1IzgRhd8UfEawC7pnqUhFN,https://open.spotify.com/track/6ESJ3geFCgreZCZeSnaLOS,0.633,Kush on the Yacht,Young Dolph
Favorites/Tom Reev - Outrage.mp3,Outrage,Tom Reev,,,213055,3lgbIMOLqXoiof9R8HnPEm,https://open.spotify.com/track/3lgbIMOLqXoiof9R8HnPEm,0.7,Outrage - Original Mix,Tom Reev
Favorites/Totally Enormous Extinct Dinosaurs - Garden (Original Video) - Copy (1).mp3,Garden (Original Video) - Copy (1),Totally Enormous Extinct Dinosaurs,,,228728,2sYvq23BIJwVq1pAGMIa4g,https://open.spotify.com/track/2sYvq23BIJwVq1pAGMIa4g,0.4,Garden (Dan Lissvik Remix),"Gundelach, Dan Lissvik"
Favorites/Totally Enormous Extinct Dinosaurs - Garden (Original Video).mp3,Garden (Original Video),Totally Enormous Extinct Dinosaurs,,,228728,7cP1d7LXGqojnmuiAHN4ci,https://open.spotify.com/track/7cP1d7LXGqojnmuiAHN4ci,0,Bowser Vs Dr. Eggman,VideoGameRapBattles
Favorites/Tujamo - DJsounds Show 2016 (2hr NXS2 set).mp3,DJsounds Show 2016 (2hr NXS2 set),Tujamo,,,7097600,0WSjVLITbxV6kVXndziQDm,https://open.spotify.com/track/0WSjVLITbxV6kVXndziQDm,0.3,Drop That Low (When I Dip),Tujamo
Favorites/Tujamo - Make U Love Me (Official Music Video).mp3,Make U Love Me,Tujamo,,,193202,4veR7bpBY7xYMG5BKZwWu1,https://open.spotify.com/track/4veR7bpBY7xYMG5BKZwWu1,0.95,Make U Love Me,Tujamo
Favorites/Underworld - Born Slippy (FonograF & Panniko remix).mp3,Born Slippy (FonograF & Panniko remix),Underworld,,,450952,7xQYVjs4wZNdCwO0EeAWMC,https://open.spotify.com/track/7xQYVjs4wZNdCwO0EeAWMC,0.95,Born Slippy (Nuxx),Underworld
Favorites/Uplink x Sweet & Sour Ft. Dim Wilder - Dance With Me.mp3,Dance With Me,Uplink x Sweet & Sour Ft. Dim Wilder,,,234031,5irvTPxbWjDM2Mie9tUwjp,https://open.spotify.com/track/5irvTPxbWjDM2Mie9tUwjp,0.6,Dance With Me,"Uplink, Sweet & Sour, Dim Wilder"
Favorites/WATEVA - Amnesia (ft. Alia).mp3,Amnesia (ft. Alia),WATEVA,,,204251,3lyZ3wS81yeUx8V8ORjeeB,https://open.spotify.com/track/3lyZ3wS81yeUx8V8ORjeeB,0.9,Amnesia,"WATEVA, Alia"
Favorites/WHTKD - Tell Me - Copy (1).mp3,Tell Me - Copy (1),WHTKD,,,235207,4aZaxAlE8NPBRDsaSzp8B6,https://open.spotify.com/track/4aZaxAlE8NPBRDsaSzp8B6,0.4,Tell Me,Hugeloud
Favorites/WHTKD - Tell Me.mp3,Tell Me,WHTKD,,,235207,40DD3lGA9Xkp4InlWyqT9z,https://open.spotify.com/track/40DD3lGA9Xkp4InlWyqT9z,0.4,TELL ME WHY,The Kid LAROI
Favorites/Will Sparks - Monsta - Copy (1).mp3,Monsta - Copy (1),Will Sparks,,,233848,0ZZU0PFjMsVge8ck3v0eW3,https://open.spotify.com/track/0ZZU0PFjMsVge8ck3v0eW3,0.8,Monsta,Will Sparks
Favorites/Zedd - Beautiful Now (Zonderling Remix).mp3,Beautiful Now (Zonderling Remix),Zedd,,,235180,3zVVMv09YkEZBsSkY795kE,https://open.spotify.com/track/3zVVMv09YkEZBsSkY795kE,0.7,Beautiful Now - Zonderling Remix,"Zedd, Jon Bellion, Zonderling"
Favorites/Zonderling - Tunnel Vision (Don Diablo Edit) [Official Music Video] - Copy (1).mp3,Tunnel Vision (Don Diablo Edit) - Copy (1),Zonderling,,,220082,7s2fTKrE24gtReCNgnrRBo,https://open.spotify.com/track/7s2fTKrE24gtReCNgnrRBo,0.25,Tunnel Vision - Don Diablo Edit,"Zonderling, Don Diablo"