path,title,artist,album,year,duration_ms
4 Strings - Lights Out (Original Mix).mp3,Lights Out,4 Strings,,,313887
5 Seconds Of Summer - Youngblood (Alt Version).mp3,Youngblood (Alt Version),5 Seconds Of Summer,,,205662
Afrojack - Rock The House (Official Music Video).mp3,Rock The House,Afrojack,,,305554
Algorhythm - I Don't Know How (feat Vangosh - Beto Dias & Felipe Wrechiski remix) - Copy (1).mp3,I Don't Know How (feat Vangosh - Beto Dias & Felipe Wrechiski remix) - Copy (1),Algorhythm,,,398289
Algorhythm - I Don't Know How (feat Vangosh - Beto Dias & Felipe Wrechiski remix) - Copy (2).mp3,I Don't Know How (feat Vangosh - Beto Dias & Felipe Wrechiski remix) - Copy (2),Algorhythm,,,398289
Algorhythm - I Don't Know How (feat Vangosh - Beto Dias & Felipe Wrechiski remix).mp3,I Don't Know How (feat Vangosh - Beto Dias & Felipe Wrechiski remix),Algorhythm,,,398289
Aquascape Makassar Go Green My Bedroom.mp3,Aquascape Makassar Go Green My Bedroom,,,,151589
"Arty, Matisse & Sadko - Riot (Official Music Video).mp3",Riot,"Arty, Matisse & Sadko",,,228415
Audien - Elysium (OUT NOW).mp3,Elysium,Audien,,,97437
Audio Bullys - I'm In Love.mp3,I'm In Love,Audio Bullys,,,187507
Audio Bullys ft. Nancy Sinatra - Bang Bang HQ.mp3,Bang Bang HQ,Audio Bullys ft. Nancy Sinatra,,,413048
Bass King Vs. X-Vertigo feat. Golden Sun - Kings (Music Video).mp3,Kings (Music Video),Bass King Vs. X-Vertigo feat. Golden Sun,,,225776
Bassjackers vs Fedde Le Grand & Nicky Romero & Matthew Koma - Crackin & Sparks (Marius Tămaş Mashup).mp3,Crackin & Sparks (Marius Tămaş Mashup),Bassjackers vs Fedde Le Grand & Nicky Romero & Matthew Koma,,,395311
Basto & Yves V - CloudBreaker (Radio Mix).mp3,CloudBreaker (Radio Mix),Basto & Yves V,,,201012
Basto - Again and Again (Official Music Video) [HD].mp3,Again and Again,Basto,,,195788
Basto - BONNY (Original Mix).mp3,BONNY,Basto,,,403984
Basto - Gregory's Theme (Original Mix).mp3,Gregory's Theme,Basto,,,428016
Basto - I Rave You (Original Mix).mp3,I Rave You,Basto,,,325172
Ben Pearce - What I Might Do (Official Video).mp3,What I Might Do,Ben Pearce,,,188709
Benny Benassi - No matter what you do.mp3,No matter what you do,Benny Benassi,,,206002
Benny Benassi ft. Gary Go - Cinema [OFFICAL VIDEO HD].mp3,Cinema [OFFICAL VIDEO HD],Benny Benassi ft. Gary Go,,,209580
Benny Benassi ft. Gary Go - Control [Official Video HD].mp3,Control,Benny Benassi ft. Gary Go,,,227187
Blasterjaxx - Fifteen (Hardwell Edit) - [OUT NOW!].mp3,Fifteen (Hardwell Edit) -,Blasterjaxx,,,311719
Calvin Harris & Alesso - Under Control ft. Hurts.mp3,Under Control ft. Hurts,Calvin Harris & Alesso,,,210442
Calvin Harris - Bounce ft. Kelis.mp3,Bounce ft. Kelis,Calvin Harris,,,230766
Calvin Harris - Let's Go ft. Ne-Yo.mp3,Let's Go ft. Ne-Yo,Calvin Harris,,,246204
Calvin Harris - Sweet Nothing ft. Florence Welch.mp3,Sweet Nothing ft. Florence Welch,Calvin Harris,,,268878
Calvin Harris feat. Example - We'll Be Coming Back (Lyrics).mp3,We'll Be Coming Back,Calvin Harris feat. Example,,,232020
"Calvin Harris, Sam Smith - Promises (Official Lyric Video).mp3",Promises,"Calvin Harris, Sam Smith",,,213943
Carnage & Borgore - Incredible (Original Mix).mp3,Incredible,Carnage & Borgore,,,376973
Cedric Gervais & Borgore - Deception (Original Mix).mp3,Deception,Cedric Gervais & Borgore,,,345469
Cedric Gervais & CID - Never Come Close (OUT NOW).mp3,Never Come Close,Cedric Gervais & CID,,,130821
Cedric Gervais - Molly (Original Mix).mp3,Molly,Cedric Gervais,,,412996
Cedric Gervais - The Look (Original Mix).mp3,The Look,Cedric Gervais,,,282358
Chase & Status - Count On Me ft. Moko.mp3,Count On Me ft. Moko,Chase & Status,,,229564
Chuckie - Who Is Ready To Jump (Dada Life Remix).mp3,Who Is Ready To Jump (Dada Life Remix),Chuckie,,,313313
CLMD - Black Eyes and Blue (official video).mp3,Black Eyes and Blue,CLMD,,,218279
CLMD - Falling Like Angels.mp3,Falling Like Angels,CLMD,,,211461
Coldplay - Paradise (Fedde le Grand Remix).mp3,Paradise (Fedde le Grand Remix),Coldplay,,,266893
Crooklyn Clan - Let's Get Ill (Dirty) (AV161).mp3,Let's Get Ill (Dirty) (AV161),Crooklyn Clan,,,202005
Daft Punk - Get Lucky (Audio Jacker Remix).mp3,Get Lucky,Daft Punk,,,453329
David Solano ft. Angelika Vee - Who We Are (OUT NOW).mp3,Who We Are,David Solano ft. Angelika Vee,,,120242
Deadmau5 - Brazil (2nd Edit) (1080p)  HD.mp3,Brazil (2nd Edit) (1080p) HD,Deadmau5,,,398968
Deorro - Yee [OUT NOW!].mp3,Yee,Deorro,,,217940
Dimitri Vegas & Like Mike vs Sander van Doorn - Project T (Martin Garrix Remix).mp3,Project T (Martin Garrix Remix),Dimitri Vegas & Like Mike vs Sander van Doorn,,,310570
Dimitri Vegas & Like Mike vs. Sander van Doorn - Project T (Martin Garrix Remix) [Teaser].mp3,Project T (Martin Garrix Remix),Dimitri Vegas & Like Mike vs. Sander van Doorn,,,96993
"Dimitri Vegas, Like Mike & GTA Ft. Wolfpack - Turn It Up (Original Mix).mp3",Turn It Up,"Dimitri Vegas, Like Mike & GTA Ft. Wolfpack",,,347402
"Dimitri Vegas, MOGUAI & Like Mike - Mammoth (Original Mix).mp3",Mammoth,"Dimitri Vegas, MOGUAI & Like Mike",,,332251
Disclosure - White Noise ft. AlunaGeorge (Official Video) - Copy (1).mp3,White Noise ft. AlunaGeorge - Copy (1),Disclosure,,,282253
Disclosure - White Noise ft. AlunaGeorge (Official Video).mp3,White Noise ft. AlunaGeorge,Disclosure,,,282253
Discopolis - Committed to Sparkle Motion (DubVision Remix).mp3,Committed to Sparkle Motion (DubVision Remix),Discopolis,,,364460
Dj Chuckie - Who is ready to jump (Original Mix).mp3,Who is ready to jump,Dj Chuckie,,,225123
DJ Dan & Charles Feelgood - Funky Mood.mp3,Funky Mood,DJ Dan & Charles Feelgood,,,365897
DJ Dan - Out of Nowhere - Guesthouse Music.mp3,Out of Nowhere - Guesthouse Music,DJ Dan,,,356310
Dj getdown-i'm a Fucking alcoholic.mp3,Dj getdown-i'm a Fucking alcoholic,,,,288052
Don Diablo - Origins (Official Music Video).mp3,Origins,Don Diablo,,,223086
Dr. Kucho! & Gregor Salto - Can't Stop Playing (Oliver Heldens & Gregor Salto Remix) [OUT NOW].mp3,Can't Stop Playing (Oliver Heldens & Gregor Salto Remix),Dr. Kucho! & Gregor Salto,,,180532
Droplex - Killa Kokain (Original mix).mp3,Killa Kokain,Droplex,,,185887
DVBBS & Borgeous - TSUNAMI (Music Video).mp3,TSUNAMI (Music Video),DVBBS & Borgeous,,,146860
Erick Morillo & Eddie Thoneick feat. Shawnee Taylor - Live Your Life (Official Video).mp3,Erick Morillo & Eddie Thoneick feat. Shawnee Taylor,,,,207308
"Erick Morillo, Harry Romero & Jose Nunez feat. Shawnee Taylor - My Melody (Club Mix).mp3",My Melody (Club Mix),"Erick Morillo, Harry Romero & Jose Nunez feat. Shawnee Taylor",,,335047
Example - Show Me How to Love (feat. Hayla) [Lyric Video].mp3,Show Me How to Love (feat. Hayla),Example,,,216111
Fash & Nick Hussey - Shine (Dirty Freek Cino Edit).mp3,Shine (Dirty Freek Cino Edit),Fash & Nick Hussey,,,371017
"Fatboy Slim, Riva Starr & Beardyman - Eat Sleep Rave Repeat (Calvin Harris Remix) [Official Video].mp3",Eat Sleep Rave Repeat (Calvin Harris Remix),"Fatboy Slim, Riva Starr & Beardyman",,,198348
Fedde le Grand & Nicky Romero ft. Matthew Koma - Sparks (Official Video) @ Ultra Music Festival.mp3,Sparks @ Ultra Music Festival,Fedde le Grand & Nicky Romero ft. Matthew Koma,,,174968
Fedde le Grand - Metrum (Official release).mp3,Metrum,Fedde le Grand,,,338103
Fedde Le Grand - So Much Love (Official Music Video).mp3,So Much Love,Fedde Le Grand,,,242181
Filatov - Back in the Love (Dmitry Filatov Mix)  .rpt.mp3,Back in the Love (Dmitry Filatov Mix) .rpt,Filatov,,,434286
Firebeatz & Schella - Wicked (Original Mix).mp3,Wicked,Firebeatz & Schella,,,316134
Funk Agenda - What The Fuck.mp3,What The Fuck,Funk Agenda,,,396460
Futuristic Polar Bears - Back To Earth [OUT NOW!].mp3,Back To Earth,Futuristic Polar Bears,,,330449
Get Shaky - The Ian Carey Project wlyrics.mp3,The Ian Carey Project wlyrics,Get Shaky,,,379167
Gorgon City - Ready For Your Love ft. MNEK.mp3,Ready For Your Love ft. MNEK,Gorgon City,,,207151
Henry Fong & Toby Green - Revival (Original Mix).mp3,Revival,Henry Fong & Toby Green,,,331938
Ian Carey & Doron feat. Ray J and Kardinal Offishall - Baddest Chick (Official Music Video).mp3,Baddest Chick,Ian Carey & Doron feat. Ray J and Kardinal Offishall,,,184477
J Paul Getto - Love Is True (Wise D & Kobe remix).mp3,Love Is True (Wise D & Kobe remix),J Paul Getto,,,226900
Jamnights - Big Fun! (Agent Stereo Needs Some Fun-K Remix).mp3,Big Fun! (Agent Stereo Needs Some Fun-K Remix),Jamnights,,,368039
"Jason Risk - 1, 2, 3, Yeah (Chris Bullen Remix) [Hype Recordings].mp3","1, 2, 3, Yeah (Chris Bullen Remix) [Hype Recordings]",Jason Risk,,,260049
Kat Krazy feat. elkka - Siren (Official Music Video).mp3,Siren,Kat Krazy feat. elkka,,,248398
Kelis - 4th Of July (Fireworks).mp3,4th Of July (Fireworks),Kelis,,,225776
Kelis - Acapella.mp3,Acapella,Kelis,,,243801
Kelis - Brave.mp3,Brave,Kelis,,,219925
Kelis - Scream.mp3,Scream,Kelis,,,217992
Klangkarussell - Sonnentanz.mp3,Sonnentanz,Klangkarussell,,,362397
Knife Party - 'Power Glove' - OUT NOW.mp3,'Power Glove',Knife Party,,,261251
Knife Party - Internet Friends (Hardwell Original Mix Edit).mp3,Internet Friends (Hardwell Original Mix Edit),Knife Party,,,290926
Knife Party - Internet Friends.mp3,Internet Friends,Knife Party,,,185940
Koen Groeneveld - Jetblast (OUT NOW).mp3,Jetblast,Koen Groeneveld,,,171807
Lady Lago - Star Chaser (Club Mix).mp3,Star Chaser (Club Mix),Lady Lago,,,332643
Lana Del Rey vs Cedric Gervais - Young & Beautiful (Remix) [Official Music Video].mp3,Young & Beautiful,Lana Del Rey vs Cedric Gervais,,,232490
Lexy & K-Paul - If I gave you my digits (Lexy rmx).mp3,If I gave you my digits (Lexy rmx),Lexy & K-Paul,,,394397
LMFAO (ft Natalia Kills) - Champagne Showers.mp3,Champagne Showers,LMFAO (ft Natalia Kills),,,270132
LMFAO - Champagne Showers ft. Natalia Kills.mp3,Champagne Showers ft. Natalia Kills,LMFAO,,,401215
"LMFAO - Party Rock Anthem ft. Lauren Bennett, GoonRock.mp3","Party Rock Anthem ft. Lauren Bennett, GoonRock",LMFAO,,,375458
LMFAO - Sexy and I Know It.mp3,Sexy and I Know It,LMFAO,,,203624
LMFAO - Shots ft. Lil Jon.mp3,Shots ft. Lil Jon,LMFAO,,,253127
Loleatta Holloway - Love Sensation - WhiteNoize Remix - Ultra Records.mp3,Love Sensation - WhiteNoize Remix - Ultra Records,Loleatta Holloway,,,384157
Lost Frequencies ft. The NGHBRS - Like I Love You (Official Music Video).mp3,Like I Love You,Lost Frequencies ft. The NGHBRS,,,190171
Loui & Scibi Feat. Nuwella - Your Love (Original Mix).mp3,Your Love,Loui & Scibi Feat. Nuwella,,,312633
MAKJ & M35 - Revolution (Original Mix).mp3,Revolution,MAKJ & M35,,,246204
Marcel Woods & Allure - Ready (OUT NOW!).mp3,Ready,Marcel Woods & Allure,,,371879
Markus Gardeweg feat. Michael Feiner - Fairplay (Let There Be Love) (D.O.N.S & DBN Remix) - Copy (1).mp3,Fairplay (Let There Be Love) (D.O.N.S & DBN Remix) - Copy (1),Markus Gardeweg feat. Michael Feiner,,,487105
Markus Gardeweg feat. Michael Feiner - Fairplay (Let There Be Love) (D.O.N.S & DBN Remix) - Copy (2).mp3,Fairplay (Let There Be Love) (D.O.N.S & DBN Remix) - Copy (2),Markus Gardeweg feat. Michael Feiner,,,487105
Markus Gardeweg feat. Michael Feiner - Fairplay (Let There Be Love) (D.O.N.S & DBN Remix).mp3,Fairplay (Let There Be Love) (D.O.N.S & DBN Remix),Markus Gardeweg feat. Michael Feiner,,,487105
Martin Garrix & Jay Hardway - Error 404 (Original Mix).mp3,Error 404,Martin Garrix & Jay Hardway,,,332487
Martin Garrix & Jay Hardway - Wizard (Official Music Video) [OUT NOW].mp3,Wizard,Martin Garrix & Jay Hardway,,,217156
Martin Solveig - All Stars (Official Video) ft. ALMA.mp3,All Stars ft. ALMA,Martin Solveig,,,176614
Martin Solveig - The Night Out [Official Video HD].mp3,The Night Out,Martin Solveig,,,215719
Mat Zo & Arty - Mozart.mp3,Mozart,Mat Zo & Arty,,,292937
Michael Calfan - Nobody Does It Better (Official Music Video).mp3,Nobody Does It Better,Michael Calfan,,,177476
Michael Jackson - Beat It (FD Electro House Remix).mp3,Beat It (FD Electro House Remix),Michael Jackson,,,437420
Michael Jackson - Hollywood Tonight (Dj Chuckie Remix) Hot New Song 2011 + Download link!.mp3,Hollywood Tonight (Dj Chuckie Remix) Hot New Song 2011 + Download link!,Michael Jackson,,,232098
Michael Jackson Smooth Criminal (Electro Remix).mp3,Michael Jackson Smooth Criminal (Electro Remix),,,,257776
Michael Woods - Clanga (Original Mix).mp3,Clanga,Michael Woods,,,370364
Mightyfools - Go (Original Mix).mp3,Go,Mightyfools,,,273241
Miguel Campbell - Something Special (Original Mix).mp3,Something Special,Miguel Campbell,,,282802
"Mike Hawkins, Henry Fong & Toby Green - Hot Steppa (OUT NOW).mp3",Hot Steppa,"Mike Hawkins, Henry Fong & Toby Green",,,143987
N'to - Trauma (Worakls Remix).mp3,Trauma (Worakls Remix),N'to,,,599980
Nari & Milani Vs Maurizio Gubellini Ft. Nicci - Vago (Original mix).mp3,Vago,Nari & Milani Vs Maurizio Gubellini Ft. Nicci,,,307931
NERVO & Hook N Sling - Reason (Official Music Video).mp3,Reason,NERVO & Hook N Sling,,,241607
NERVO & Hook N Sling - Reason (Original Mix).mp3,Reason,NERVO & Hook N Sling,,,361247
NERVO & Marco Lys - Don't Break My Heart (Lyric Video).mp3,Don't Break My Heart,NERVO & Marco Lys,,,222433
New World Sound & Thomas Newson - Flute (Original Mix).mp3,Flute,New World Sound & Thomas Newson,,,287086
Nicky Romero & Mitch Crown - Schizophrenic (Official Music Video) [HD].mp3,Schizophrenic,Nicky Romero & Mitch Crown,,,210887
Nicky Romero - Camorra (Original Mix).mp3,Camorra,Nicky Romero,,,375301
Nicky Romero - My Friend (Original Mix).mp3,My Friend,Nicky Romero,,,416418
Nicky Romero - Toulouse.mp3,Toulouse,Nicky Romero,,,259500
Noir & Haze - Around [Solomun Vox Mix] - NMB037.mp3,Around [Solomun Vox Mix] - NMB037,Noir & Haze,,,419056
Oliver Heldens - Gecko (OUT NOW).mp3,Gecko,Oliver Heldens,,,193855
Ornette - Crazy (Nôze remix) [Official].mp3,Crazy (Nôze remix),Ornette,,,359863
Oxia - Domino.mp3,Domino,Oxia,,,431151
Parra for Cuva ft. Anna Naklab - Wicked Games (Official Music Video).mp3,Wicked Games,Parra for Cuva ft. Anna Naklab,,,198949
Pelari - Cango (Original Mix).mp3,Cango,Pelari,,,364147
Plus Minus Promotion A Minor Thinking Bout The Things.mp3,Plus Minus Promotion A Minor Thinking Bout The Things,,,,231236
Quintino & Alvaro - World In Our Hands (Original Mix).mp3,World In Our Hands,Quintino & Alvaro,,,375902
Quintino & Kenneth G - Blowfish (OUT NOW).mp3,Blowfish,Quintino & Kenneth G,,,89913
R3hab & David Solano - Do It (Life In Color Anthem 2013).mp3,Do It (Life In Color Anthem 2013),R3hab & David Solano,,,270080
R3hab - Samurai (Go Hard) [Official Video].mp3,Samurai (Go Hard),R3hab,,,233221
RAFAEL CHAVEZ - For You (Babysitters Remix) OUT NOW!!!.mp3,For You (Babysitters Remix) OUT NOW!!!,RAFAEL CHAVEZ,,,233430
Ray Foxx ft. Rachel K Collier - Boom Boom (Heartbeat).mp3,Boom Boom (Heartbeat),Ray Foxx ft. Rachel K Collier,,,201848
Rita Ora - Let You Love Me [Official Video].mp3,Let You Love Me,Rita Ora,,,190328
Rune RK - Burning Boombox (Original Mix).mp3,Burning Boombox,Rune RK,,,367229
Rune RK - Teacup (Official Music Video).mp3,Teacup,Rune RK,,,220578
Rune RK - Teacup (Original Mix) - Copy (1).mp3,Teacup - Copy (1),Rune RK,,,379794
Rune RK - Teacup (Original Mix).mp3,Teacup,Rune RK,,,379794
SAIL - AWOLNATION (Unofficial Video).mp3,AWOLNATION (Unofficial Video),SAIL,,,248738
Sander van Doorn - Joyenergizer (Official Music Video).mp3,Joyenergizer,Sander van Doorn,,,201064
Shawnee Taylor ft. SYMPHO NYMPHO - Colors [Official video].mp3,Colors,Shawnee Taylor ft. SYMPHO NYMPHO,,,217365
Shermanology & Amba Shepherd - Who We Are (OUT NOW).mp3,Who We Are,Shermanology & Amba Shepherd,,,78785
Showtek & Noisecontrollers - Get Loose (Tiesto Remix) - Copy (1).mp3,Get Loose (Tiesto Remix) - Copy (1),Showtek & Noisecontrollers,,,344320
Showtek & Noisecontrollers - Get Loose (Tiesto Remix) - Copy (2).mp3,Get Loose (Tiesto Remix) - Copy (2),Showtek & Noisecontrollers,,,344320
Showtek & Noisecontrollers - Get Loose (Tiesto Remix).mp3,Get Loose (Tiesto Remix),Showtek & Noisecontrollers,,,344320
Showtek - Slow down (Original Mix).mp3,Slow down,Showtek,,,402469
Showtek Feat. Justin Prime - Cannonball (Original Mix).mp3,Cannonball,Showtek Feat. Justin Prime,,,300095
Showtek ft. We Are Loud & Sonny Wilson - Booyah (Official Music Video).mp3,Booyah,Showtek ft. We Are Loud & Sonny Wilson,,,253753
Sidekick - Deep Fear.mp3,Deep Fear,Sidekick,,,358008
Sidney Samson and Martin Garrix - Torrent.mp3,Torrent,Sidney Samson and Martin Garrix,,,319399
Slicerboys - Glow.mp3,Glow,Slicerboys,,,418638
Spencer Tarring - Come On Now (Official Music Video).mp3,Come On Now,Spencer Tarring,,,232072
Steve Angello - Yeah (Original Mix).mp3,Yeah,Steve Angello,,,326531
Steve Aoki & Chris Lake & Tujamo - Boneless (Original Mix).mp3,Boneless,Steve Aoki & Chris Lake & Tujamo,,,277029
Suyano & Billy The Kit - Busted (OUT NOW).mp3,Busted,Suyano & Billy The Kit,,,91141
Sven Väth - Akzidenz Grotesk  Isbjörn.mp3,Akzidenz Grotesk Isbjörn,Sven Väth,,,310909
Swanky Tunes - Blood Rush (Original Mix).mp3,Blood Rush,Swanky Tunes,,,362005
The Partysquad & Mitchell Niemeyer - #PantsDown (Official Video).mp3,#PantsDown,The Partysquad & Mitchell Niemeyer,,,205479
The Potbelleez - Hello (Official Video).mp3,Hello,The Potbelleez,,,213133
The Potbelleez - Saved In A Bottle (Dannic Remix).mp3,Saved In A Bottle (Dannic Remix),The Potbelleez,,,347037
The Potbelleez - Saved In A Bottle (Official Video).mp3,Saved In A Bottle,The Potbelleez,,,194795
The Potbelleez Trouble Trouble.mp3,The Potbelleez Trouble Trouble,,,,208927
The Potbellez - Midnight Midnight.mp3,Midnight Midnight,The Potbellez,,,191138
Thomas Gold ft. Kaelyn Behr - Remember (Original).mp3,Remember (Original),Thomas Gold ft. Kaelyn Behr,,,410514
Thomas Newson - Pallaroid [OUT NOW!].mp3,Pallaroid,Thomas Newson,,,313757
Tiësto & Hardwell - Zero 76 (Official Music Video) [1080 HD].mp3,Zero 76 [1080 HD],Tiësto & Hardwell,,,207595
Tiësto & Showtek - Hell Yeah! [OFFICIAL MUSIC VIDEO].mp3,Hell Yeah!,Tiësto & Showtek,,,276924
Tiësto & Wolfgang Gartner - We Own The Night ft. Luciana [OFFICIAL MUSIC VIDEO].mp3,We Own The Night ft. Luciana,Tiësto & Wolfgang Gartner,,,224862
Tiësto ft. Matthew Koma - Wasted (Mike Mago Remix).mp3,Wasted (Mike Mago Remix),Tiësto ft. Matthew Koma,,,371592
Tujamo - There It Is (Original Mix)    [OFFICIAL].mp3,There It Is,Tujamo,,,303438
Vato Gonzalez - Triplets Riddim (Original Mix).mp3,Triplets Riddim,Vato Gonzalez,,,297874
Vicetone - Lowdown (OUT NOW).mp3,Lowdown,Vicetone,,,57966
Wolfgang Gartner - Wolfgang's 5th Symphony in ORIGINAL MIX [HD 720p].mp3,Wolfgang's 5th Symphony in ORIGINAL MIX,Wolfgang Gartner,,,443820
Worakls - Question Réponse.mp3,Question Réponse,Worakls,,,366420
Yeah Yeah Yeahs - Heads Will Roll (A-Trak remix).mp3,Heads Will Roll (A-Trak remix),Yeah Yeah Yeahs,,,204016
Ylvis - The Fox (What Does The Fox Say) [Official music video HD] - Copy (1).mp3,The Fox (What Does The Fox Say) - Copy (1),Ylvis,,,224862
Ylvis - The Fox (What Does The Fox Say) [Official music video HD].mp3,The Fox (What Does The Fox Say),Ylvis,,,224862
Yves V & Blasterjaxx - That Big (Original Mix).mp3,That Big,Yves V & Blasterjaxx,,,395651
Yves V & Blasterjaxx - That Big (OUT NOW).mp3,That Big,Yves V & Blasterjaxx,,,229904
Zedd - Clarity (feat. Foxes).mp3,Clarity (feat. Foxes),Zedd,,,271700
Zoo Brazil feat. Rasmus Kellerman - There Is Hope.mp3,There Is Hope,Zoo Brazil feat. Rasmus Kellerman,,,365819
Favorites/2Pac feat. Kurupt - Still Ballin' (Lucas Chambon Remix).mp3,Still Ballin' (Lucas Chambon Remix),2Pac feat. Kurupt,,,288287
Favorites/Acris & Infra - Synergy - Copy (1).mp3,Synergy - Copy (1),Acris & Infra,,,180010
Favorites/Acris & Infra - Synergy.mp3,Synergy,Acris & Infra,,,180010
Favorites/Afrojack - Rock The House (Official Music Video).mp3,Rock The House,Afrojack,,,305633
Favorites/Anthony Rother - Father.mp3,Father,Anthony Rother,,,391184
Favorites/ATB - You're Not Alone - HQ.mp3,You're Not Alone,ATB,,,210730
Favorites/Audio Bullys - Shot You Down ft. Nancy Sinatra.mp3,Shot You Down ft. Nancy Sinatra,Audio Bullys,,,219533
Favorites/AuRa & CamelPhat - Panic Room.mp3,Panic Room,AuRa & CamelPhat,,,213185
Favorites/Bag Raiders - Shooting Stars (Official Video).mp3,Shooting Stars,Bag Raiders,,,231654
Favorites/Bassjackers vs Breathe Carolina & Apek - The Fever (Official Music Video).mp3,The Fever,Bassjackers vs Breathe Carolina & Apek,,,213656
Favorites/Benny Benassi & SOFI TUKKER - Everybody Needs A Kiss (Official Video) [Ultra Music].mp3,Everybody Needs A Kiss [Ultra Music],Benny Benassi & SOFI TUKKER,,,219011
Favorites/BICEP  GLUE (Official Video).mp3,BICEP GLUE,,,,285048
Favorites/Blasterjaxx ft. UHRE - Bizarre (Boye & Sigvardt Remix) [Official Audio].mp3,Bizarre (Boye & Sigvardt Remix),Blasterjaxx ft. UHRE,,,182570
Favorites/BLR & SBNC - Varca.mp3,Varca,BLR & SBNC,,,206106
Favorites/BLR x Rave & Crave - Taj (Official Music Video).mp3,Taj,BLR x Rave & Crave,,,226090
Favorites/Bonobo  7th Sevens.mp3,Bonobo 7th Sevens,,,,307357
Favorites/Bonobo  No Reason (feat. Nick Murphy).mp3,Bonobo No Reason (feat. Nick Murphy),,,,243644
"Favorites/Bougenvilla, Albert Neve & David Puentez - No Matter What (Official Music Video).mp3",No Matter What,"Bougenvilla, Albert Neve & David Puentez",,,164206
Favorites/Brandon Flowers - I Can Change (Lyric Video) - Copy (1).mp3,I Can Change - Copy (1),Brandon Flowers,,,260624
Favorites/Brandon Flowers - I Can Change (Lyric Video) - Copy (2).mp3,I Can Change - Copy (2),Brandon Flowers,,,260624
Favorites/Brandon Flowers - I Can Change (Lyric Video).mp3,I Can Change,Brandon Flowers,,,260624
Favorites/Breathe Carolina & Bassjackers feat. CADE - Can't Take It (Official Music Video) - Copy (1).mp3,Can't Take It - Copy (1),Breathe Carolina & Bassjackers feat. CADE,,,192287
Favorites/Breathe Carolina & Bassjackers feat. CADE - Can't Take It (Official Music Video).mp3,Can't Take It,Breathe Carolina & Bassjackers feat. CADE,,,192287
Favorites/Breathe Carolina - Stay (ft. Sophie and the Bom Boms).mp3,Stay (ft. Sophie and the Bom Boms),Breathe Carolina,,,203363
"Favorites/Brieftauben,Pigeons,Gołębie-Gebr. Janssen.mp3","Brieftauben,Pigeons,Gołębie-Gebr. Janssen",,,,205140
Favorites/Brooks & GRX - Boomerang (Official Video).mp3,Boomerang,Brooks & GRX,,,195448
Favorites/Calippo - Down With You.mp3,Down With You,Calippo,,,189440
Favorites/CALIPPO - Mesa verde [Official] - Copy (1).mp3,Mesa verde - Copy (1),CALIPPO,,,232620
Favorites/CALIPPO - Mesa verde [Official].mp3,Mesa verde,CALIPPO,,,232620
Favorites/Calvin Harris - Thinking About You ft. Ayah Marar.mp3,Thinking About You ft. Ayah Marar,Calvin Harris,,,276532
Favorites/Calvo feat. Gigi - Made For Us.mp3,Made For Us,Calvo feat. Gigi,,,165486
Favorites/CamelPhat & Elderbrook - Cola (Radio Edit).mp3,Cola,CamelPhat & Elderbrook,,,228153
Favorites/Camelphat & Elderbrook ‘Cola’.mp3,Camelphat & Elderbrook ‘Cola’,,,,415687
Favorites/Caribou - Your Love Will Set You Free (c2's Set U Free Remix).mp3,Your Love Will Set You Free (c2's Set U Free Remix),Caribou,,,402312
Favorites/Cedric Gervais & Willy Monfret - Make Me Feel (Radio Edit).mp3,Make Me Feel,Cedric Gervais & Willy Monfret,,,211618
Favorites/Charlie Puth - How Long (EDX's Dubai Skyline Remix).mp3,How Long (EDX's Dubai Skyline Remix),Charlie Puth,,,192731
Favorites/Cheat Codes x Kris Kross Amsterdam - SEX (Official Music Video).mp3,SEX,Cheat Codes x Kris Kross Amsterdam,,,257254
Favorites/Chocolate Puma x Pep & Rash - The Stars Are Mine (Official Music Video) - Copy (1).mp3,The Stars Are Mine - Copy (1),Chocolate Puma x Pep & Rash,,,259344
Favorites/Chocolate Puma x Pep & Rash - The Stars Are Mine (Official Music Video).mp3,The Stars Are Mine,Chocolate Puma x Pep & Rash,,,259344
Favorites/Chris Malinchak - So Good To Me.mp3,So Good To Me,Chris Malinchak,,,309838
Favorites/CID & Kaskade – Sweet Memories (Extended Mix) - Copy (1).mp3,Copy (1),CID & Kaskade – Sweet Memories,,,265221
Favorites/CID & Kaskade – Sweet Memories (Extended Mix).mp3,CID & Kaskade – Sweet Memories,,,,265221
Favorites/CID - Love Is Blind (Official Music Video).mp3,Love Is Blind,CID,,,203703
Favorites/Codec & Flexor - Motions.mp3,Motions,Codec & Flexor,,,333087
Favorites/Codec & Flexor - Time Has Changed.mp3,Time Has Changed,Codec & Flexor,,,407693
Favorites/Dada Life - Do It Till Your Face Hurts (Music Video).mp3,Do It Till Your Face Hurts (Music Video),Dada Life,,,174367
"Favorites/Daft Punk - Around the World  Harder, Better, Faster, Stronger (Official audio) - Copy (1).mp3","Around the World Harder, Better, Faster, Stronger - Copy (1)",Daft Punk,,,342596
"Favorites/Daft Punk - Around the World  Harder, Better, Faster, Stronger (Official audio) - Copy (2).mp3","Around the World Harder, Better, Faster, Stronger - Copy (2)",Daft Punk,,,342596
"Favorites/Daft Punk - Around the World  Harder, Better, Faster, Stronger (Official audio).mp3","Around the World Harder, Better, Faster, Stronger",Daft Punk,,,342596
Favorites/Daft Punk - One More Time (Guille Placencia & George Privatti Edit).mp3,One More Time (Guille Placencia & George Privatti Edit),Daft Punk,,,378227
Favorites/Dave Silcox - Slow Dance (ft. Takura).mp3,Slow Dance (ft. Takura),Dave Silcox,,,179540
Favorites/David Zowie - House Every Weekend.mp3,House Every Weekend,David Zowie,,,181969
Favorites/Definition - Pretend To Fly (Original Mix) - Copy (1).mp3,Pretend To Fly - Copy (1),Definition,,,414851
Favorites/Definition - Pretend To Fly (Original Mix).mp3,Pretend To Fly,Definition,,,414851
Favorites/Deniz Koyu - Atlantis (Official Audio).mp3,Atlantis,Deniz Koyu,,,227892
Favorites/Dimitri Vegas & Like Mike - Wakanda (Original).mp3,Wakanda (Original),Dimitri Vegas & Like Mike,,,300173
"Favorites/Dimitri Vegas, MOGUAI & Like Mike - Mammoth (Original Mix).mp3",Mammoth,"Dimitri Vegas, MOGUAI & Like Mike",,,332278
Favorites/Disclosure - Magnets (A-Trak Remix) ft. Lorde.mp3,Magnets (A-Trak Remix) ft. Lorde,Disclosure,,,261616
Favorites/Dj Shako - Fake Blood - I Think I Like It  VremixOCT 2016.mp3,Fake Blood - I Think I Like It VremixOCT 2016,Dj Shako,,,371017
Favorites/DJ Tonka - She Knows You.mp3,She Knows You,DJ Tonka,,,249417
Favorites/Don Diablo - You Can't Change Me  Official Music Video.mp3,You Can't Change Me Official Music Video,Don Diablo,,,186776
Favorites/Dubvision vs. Kygo Feat. Conrad - Heart vs. Firestone (Martin Garrix AMF Mashup).mp3,Heart vs. Firestone (Martin Garrix AMF Mashup),Dubvision vs. Kygo Feat. Conrad,,,167471
Favorites/Duke Dumont - The Giver (Original Mix) - Copy (1).mp3,The Giver - Copy (1),Duke Dumont,,,389904
Favorites/Duke Dumont - The Giver (Original Mix).mp3,The Giver,Duke Dumont,,,389904
Favorites/Dzeko ft. TOKA-J - Heart Speak (Official Lyric Video).mp3,Heart Speak,Dzeko ft. TOKA-J,,,184451
Favorites/EDX - Bloom (Official Music Video).mp3,Bloom,EDX,,,209894
Favorites/EDX - Feel The Rush (Official Video HD).mp3,Feel The Rush,EDX,,,220212
Favorites/EDX - Roadkill (EDX's Ibiza Sunrise Remix) [Official Music Video] - Copy (1).mp3,Roadkill (EDX's Ibiza Sunrise Remix) - Copy (1),EDX,,,205662
Favorites/EDX - Roadkill (EDX's Ibiza Sunrise Remix) [Official Music Video] - Copy (2).mp3,Roadkill (EDX's Ibiza Sunrise Remix) - Copy (2),EDX,,,205662
Favorites/EDX - Roadkill (EDX's Ibiza Sunrise Remix) [Official Music Video].mp3,Roadkill (EDX's Ibiza Sunrise Remix),EDX,,,205662
Favorites/EDX - We Can't Give Up (Official Music Video).mp3,We Can't Give Up,EDX,,,163239
"Favorites/EDX, Nora En Pure, Sons Of Maria & Axwell - I Found You In Uruguay (EDX X-Booty).mp3",I Found You In Uruguay (EDX X-Booty),"EDX, Nora En Pure, Sons Of Maria & Axwell",,,346723
Favorites/Eric Prydz - Pjanoo (Club Mix) (HQ).mp3,Pjanoo (Club Mix),Eric Prydz,,,451004
Favorites/Favulous - No Diggity - Copy (1).mp3,No Diggity - Copy (1),Favulous,,,208144
Favorites/Favulous - No Diggity.mp3,No Diggity,Favulous,,,208144
Favorites/Feelin' Good (Original Mix) - Copy (1).mp3,Copy (1),Feelin' Good,,,255033
Favorites/Feelin' Good (Original Mix).mp3,Feelin' Good,,,,255033
Favorites/Firebeatz & Schella - Wicked (OUT NOW).mp3,Wicked,Firebeatz & Schella,,,76539
Favorites/Firebeatz - Sky High (Tiësto Edit) [Official Video].mp3,Sky High (Tiësto Edit),Firebeatz,,,157544
Favorites/Fisher - Losing It.mp3,Losing It,Fisher,,,248085
Favorites/Fletch (UK) & Matt Moore - Riding Hippos [Zulu Records] - Copy (1).mp3,Riding Hippos [Zulu Records] - Copy (1),Fletch (UK) & Matt Moore,,,412630
Favorites/Fletch (UK) & Matt Moore - Riding Hippos [Zulu Records].mp3,Riding Hippos [Zulu Records],Fletch (UK) & Matt Moore,,,412630
Favorites/Florian Picasso - This Is Our Time (Official Music Video).mp3,This Is Our Time,Florian Picasso,,,313156
Favorites/Florian Picasso - This Is Our Time (Original Mix) - Copy (1).mp3,This Is Our Time - Copy (1),Florian Picasso,,,205479
Favorites/Florian Picasso - This Is Our Time (Original Mix).mp3,This Is Our Time,Florian Picasso,,,205479
Favorites/Flume - Hyperreal feat. Kučka.mp3,Hyperreal feat. Kučka,Flume,,,253257
Favorites/Foals - Late Night (Solomun Remix) - Copy (1).mp3,Late Night (Solomun Remix) - Copy (1),Foals,,,504790
Favorites/Foals - Late Night (Solomun Remix).mp3,Late Night (Solomun Remix),Foals,Late Night,2013,504790
Favorites/Fonzerelli - Moonlight Party.mp3,Moonlight Party,Fonzerelli,,,278021
Favorites/FormatB  - Chunky.mp3,Chunky,FormatB,,,363729
Favorites/Frances- Borrowed Time (Riton Showtime Remix).mp3,Frances- Borrowed Time (Riton Showtime Remix),,,,244297
"Favorites/Franky Rizardo, Tess Leah - Come Into My Life.mp3",Come Into My Life,"Franky Rizardo, Tess Leah",,,347925
Favorites/Funkerman ft Enlery - We've Got The Love.mp3,We've Got The Love,Funkerman ft Enlery,,,173087
Favorites/Funkin Matt - Elephant - Copy (1).mp3,Elephant - Copy (1),Funkin Matt,,,248294
Favorites/Funkin Matt - Elephant.mp3,Elephant,Funkin' Matt,Elephant,2015,248294
Favorites/Funkin Matt - Mastic.mp3,Mastic,Funkin Matt,,,156212
Favorites/Funkin Matt - Rapture - Copy (1).mp3,Rapture - Copy (1),Funkin Matt,,,246413
Favorites/Funkin Matt - Rapture.mp3,Rapture,Funkin Matt,,,246413
Favorites/Gabriel & Castellon - Shut Your Eyes (Zonderling Remix) [OUT NOW].mp3,Shut Your Eyes (Zonderling Remix),Gabriel & Castellon,,,286459
Favorites/GERRY GONZA - Bad Bitches [CONFESSION].mp3,Bad Bitches [CONFESSION],GERRY GONZA,,,387056
Favorites/Gianni Don Carlo feat. RAiK - Every Time I See You (Official Music Video).mp3,Every Time I See You,Gianni Don Carlo feat. RAiK,,,173244
Favorites/Giorgia Angiuli - Embrace Me Now (Original Mix).mp3,Embrace Me Now,Giorgia Angiuli,,,343249
Favorites/Gregor Tresher - Still.mp3,Still,Gregor Tresher,,,355344
Favorites/Hardwell & Joeysuki - Munster (Original Mix).mp3,Munster,Hardwell & Joeysuki,,,365113
Favorites/Hardwell - Smoke (Original Club Mix).mp3,Smoke (Original Club Mix),Hardwell,,,394214
Favorites/Hardwell - Three Triangles (Losing My Religion) (Original Club Mix).mp3,Three Triangles (Losing My Religion) (Original Club Mix),Hardwell,,,439040
Favorites/Hardwell - Three Triangles (Losing My Religion) OFFICIAL VIDEO.mp3,Three Triangles (Losing My Religion) OFFICIAL VIDEO,Hardwell,,,206655
Favorites/Hardwell - Voyage (Original Club Mix).mp3,Voyage (Original Club Mix),Hardwell,,,371644
Favorites/Hasse de Moor ft. Mike Jay - Tonight (Video Edit).mp3,Tonight,Hasse de Moor ft. Mike Jay,,,207256
Favorites/HEART FX - Thinking Of You (Roulsen Radio Edit) - Copy (1).mp3,Thinking Of You (Roulsen Radio Edit) - Copy (1),HEART FX,,,170527
Favorites/HEART FX - Thinking Of You (Roulsen Radio Edit).mp3,Thinking Of You (Roulsen Radio Edit),HEART FX,,,170527
Favorites/Hey Sam - Gold Tooth [FULL SONG] - Copy (1).mp3,Gold Tooth [FULL SONG] - Copy (1),Hey Sam,,,266214
Favorites/Hey Sam - Gold Tooth [FULL SONG] - Copy (2).mp3,Gold Tooth [FULL SONG] - Copy (2),Hey Sam,,,266214
Favorites/Hey Sam - Gold Tooth [FULL SONG].mp3,Gold Tooth [FULL SONG],Hey Sam,,,266214
Favorites/HI-LO & Sander van Doorn - WTF (Official Music Video).mp3,WTF,HI-LO & Sander van Doorn,,,227527
Favorites/His Majesty Andre - Dry Tool (Elisa Bee Crazy Sisters Bootleg) .DUBSIDE..mp3,Dry Tool (Elisa Bee Crazy Sisters Bootleg) .DUBSIDE.,His Majesty Andre,,,196153
Favorites/HOLDON - Blossom - Copy (1).mp3,Blossom - Copy (1),HOLDON,,,182648
Favorites/HOLDON - Blossom.mp3,Blossom,HOLDON,,,182648
Favorites/Hook N Sling - Break Yourself ft. Far East Movement - Copy (1).mp3,Break Yourself ft. Far East Movement - Copy (1),Hook N Sling,,,200647
Favorites/Hook N Sling - Break Yourself ft. Far East Movement.mp3,Break Yourself ft. Far East Movement,Hook N Sling,,,200647
Favorites/Hurts - Wonderful Life   (DJ Nejtrino  DJ Stranger Remix ).mp3,Wonderful Life (DJ Nejtrino DJ Stranger Remix ),Hurts,,,266971
Favorites/Imagine Dragons - Whatever It Takes (Yvan Finzi Remix).mp3,Whatever It Takes (Yvan Finzi Remix),Imagine Dragons,,,365793
Favorites/International Pony - Our House (Vas Floyd remix).mp3,Our House (Vas Floyd remix),International Pony,,,367595
Favorites/Jack Wins - I Used To Love You (feat. Francci Richard) - Copy (1).mp3,I Used To Love You (feat. Francci Richard) - Copy (1),Jack Wins,,,336953
Favorites/Jack Wins - I Used To Love You (feat. Francci Richard).mp3,I Used To Love You (feat. Francci Richard),Jack Wins,,,336953
Favorites/Jack Wins feat. RAPHAELLA - Hometown (Out Now!).mp3,Hometown,Jack Wins feat. RAPHAELLA,,,159347
Favorites/Janelle Monáe - Make Me Feel (EDX Dubai Skyline Remix) (Official Video).mp3,Make Me Feel (EDX Dubai Skyline Remix),Janelle Monáe,,,271412
Favorites/Jax Jones - Yeah Yeah Yeah.mp3,Yeah Yeah Yeah,Jax Jones,You Don't Know Me,2016,223138
Favorites/Jay Hardway - Scio (Extended Mix) - Copy (1).mp3,Scio - Copy (1),Jay Hardway,,,292389
Favorites/Jay Hardway - Scio (Extended Mix).mp3,Scio,Jay Hardway,,,292389
Favorites/Jelle Slump - Wanderlust (ft. Aidan O'Brien).mp3,Wanderlust (ft. Aidan O'Brien),Jelle Slump,,,207099
Favorites/Joe Stone - The Party ft. Montell Jordan (This Is How We Do It) [Official Music Video].mp3,The Party ft. Montell Jordan (This Is How We Do It),Joe Stone,,,186540
Favorites/Joel Fletcher & Reece Low - Chur [Free].mp3,Chur [Free],Joel Fletcher & Reece Low,,,241685
Favorites/Jos Van Limpt -DE KLAK.mp3,Jos Van Limpt -DE KLAK,,,,221257
Favorites/Joy Kitikonti - Dirty Summer - Copy (1).mp3,Dirty Summer - Copy (1),Joy Kitikonti,,,199837
Favorites/Joy Kitikonti - Dirty Summer.mp3,Dirty Summer,Joy Kitikonti,,,199837
Favorites/JUDE & FRANK - La Luna (Original Mix) - Copy (1).mp3,La Luna - Copy (1),JUDE & FRANK,,,401580
Favorites/JUDE & FRANK - La Luna (Original Mix).mp3,La Luna,JUDE & FRANK,,,401580
Favorites/Just Kiddin x Dirty Radio - My Life (Official Lyric Video).mp3,My Life,Just Kiddin x Dirty Radio,,,208901
Favorites/Jyye - Fooling Me (Official Lyric Video).mp3,Fooling Me,Jyye,,,214413
Favorites/JØRD & WhoMadeWho - Heads Above.mp3,Heads Above,JØRD & WhoMadeWho,,,246883
Favorites/Kenn Colt & Hiisak - Come On Sugar (Official Music Video).mp3,Come On Sugar,Kenn Colt & Hiisak,,,159765
Favorites/Kim Carnes - Bette Davis Eyes.mp3,Bette Davis Eyes,Kim Carnes,,,218018
Favorites/Kollektiv Turmstrasse - Sorry I'm Late (Original Mix).mp3,Sorry I'm Late,Kollektiv Turmstrasse,,,490162
Favorites/Kraak & Smaak ft. IVAR - Scorched (Official Music Video).mp3,Scorched,Kraak & Smaak ft. IVAR,,,195762
Favorites/Lana Del Rey - Summertime Sadness (Cedric Gervais Remix).mp3,Summertime Sadness (Cedric Gervais Remix),Lana Del Rey,,,415530
Favorites/Leon Bolier - Me (Official Music Video) [HD].mp3,Me,Leon Bolier,,,243879
Favorites/Leon Bolier - Us (Official Video).mp3,Us,Leon Bolier,,,257358
Favorites/Leon Bolier - You [Official Music Video] [HD].mp3,You,Leon Bolier,,,214100
Favorites/Loud Luxury & Ryan Shepherd - Fill Me In.mp3,Fill Me In,Loud Luxury & Ryan Shepherd,,,219873
Favorites/Loud Luxury & Ryan Shepherd - Something To Say (Official Music Video) - Copy (1).mp3,Something To Say - Copy (1),Loud Luxury & Ryan Shepherd,,,230139
Favorites/Loud Luxury & Ryan Shepherd - Something To Say (Official Music Video).mp3,Something To Say,Loud Luxury & Ryan Shepherd,,,230139
Favorites/Loud Luxury feat. Brando – Body! 2017.mp3,Loud Luxury feat. Brando – Body! 2017,,,,192810
Favorites/Loui & Scibi feat. Nuwella - Your Love (Official Video).mp3,Your Love,Loui & Scibi feat. Nuwella,,,190276
Favorites/Lucky Charmes - What's Up!.mp3,What's Up!,Lucky Charmes,,,188656
Favorites/Lucky Charmes ft. Da Professor - Ready (Official Music Video) - Copy (1).mp3,Ready - Copy (1),Lucky Charmes ft. Da Professor,,,194456
Favorites/Lucky Charmes ft. Da Professor - Ready (Official Music Video).mp3,Ready,Lucky Charmes ft. Da Professor,,,194456
Favorites/M.A.N.D.Y. vs Booka Shade - Body Language.mp3,Body Language,M.A.N.D.Y. vs Booka Shade,,,436036
Favorites/M4KI - Changed Mind (Wülf Boi Remix) [Drum'n'Bass].mp3,Changed Mind (Wülf Boi Remix) [Drum'n'Bass],M4KI,,,223608
Favorites/MAGNÜS & Easteroute - Motion (ft. Alex Hackett) - Copy (1).mp3,Motion (ft. Alex Hackett) - Copy (1),MAGNÜS & Easteroute,,,203024
Favorites/MAGNÜS & Easteroute - Motion (ft. Alex Hackett).mp3,Motion (ft. Alex Hackett),MAGNÜS & Easteroute,,,203024
Favorites/Mark Knight & D.Ramirez V Underworld - Downpipe (Armin van Buuren Remix).mp3,Downpipe (Armin van Buuren Remix),Mark Knight & D.Ramirez V Underworld,,,234893
Favorites/Martin Garrix & Brooks - Byte (Official Video).mp3,Byte,Martin Garrix & Brooks,,,230922
Favorites/Martin Garrix & Dua Lipa - Scared To Be Lonely (Funkin Matt Remix) - Copy (1).mp3,Scared To Be Lonely (Funkin Matt Remix) - Copy (1),Martin Garrix & Dua Lipa,,,218070
Favorites/Martin Garrix & Dua Lipa - Scared To Be Lonely (Funkin Matt Remix).mp3,Scared To Be Lonely (Funkin Matt Remix),Martin Garrix & Dua Lipa,,,218070
Favorites/Martin Garrix & Mesto - WIEE - Copy (1).mp3,WIEE - Copy (1),Martin Garrix & Mesto,,,211096
Favorites/Martin Garrix & Mesto - WIEE.mp3,WIEE,Martin Garrix & Mesto,,,211096
Favorites/Martin Garrix - Animals (Official Video).mp3,Animals,Martin Garrix,,,191608
Favorites/Martin Solveig - All Stars (Official Video) ft. ALMA.mp3,All Stars ft. ALMA,Martin Solveig,,,176614
Favorites/Marvin Gaye - Sexual Healing (SNBRN Remix).mp3,Sexual Healing (SNBRN Remix),Marvin Gaye,,,273058
Favorites/Mat Zo & Arty - Mozart (OFFICIAL MUSIC VIDEO) - Copy (1).mp3,Mozart - Copy (1),Mat Zo & Arty,,,218723
Favorites/Mat Zo & Arty - Mozart (OFFICIAL MUSIC VIDEO) - Copy (2).mp3,Mozart - Copy (2),Mat Zo & Arty,,,218723
Favorites/Mat Zo & Arty - Mozart (OFFICIAL MUSIC VIDEO).mp3,Mozart,Mat Zo & Arty,,,218723
Favorites/Matto - Back To (ft. Beatrich).mp3,Back To (ft. Beatrich),Matto,,,222563
Favorites/Melokee - Have a Nice Day Ft. Mijast.mp3,Have a Nice Day Ft. Mijast,Melokee,,,285127
Favorites/Menshee - Never (Official Music Video).mp3,Never,Menshee,,,192052
Favorites/MERCER ft. Ron Carroll - Satisfy (Official Audio).mp3,Satisfy,MERCER ft. Ron Carroll,,,184973
Favorites/Merk & Kremont - Invisible (Official Music Video) - Copy (1).mp3,Invisible - Copy (1),Merk & Kremont,,,150962
Favorites/Merk & Kremont - Invisible (Official Music Video).mp3,Invisible,Merk & Kremont,,,150962
Favorites/Michael Jackson - You Rock My World (Official Video) - Copy (1).mp3,You Rock My World - Copy (1),Michael Jackson,,,812199
Favorites/Michael Jackson - You Rock My World (Official Video).mp3,You Rock My World,Michael Jackson,,,812199
Favorites/Mightyfools - Party Goin.mp3,Party Goin,Mightyfools,,,180349
Favorites/Miike Snow - Genghis Khan (Hook N Sling Remix) - Copy (1).mp3,Genghis Khan (Hook N Sling Remix) - Copy (1),Miike Snow,,,272927
Favorites/Miike Snow - Genghis Khan (Hook N Sling Remix).mp3,Genghis Khan [Hook N Sling Remix],Miike Snow,Genghis Khan [Remixes],2016,272927
Favorites/Mike Williams - Bambini (Official Music Video).mp3,Bambini,Mike Williams,,,167079
Favorites/Mike Williams - Give It Up (Official Music Video).mp3,Give It Up,Mike Williams,,,196101
Favorites/Mike Williams x Brooks - Jetlag (Official Music Video).mp3,Jetlag,Mike Williams x Brooks,,,160209
Favorites/MK - 17 (Lyric Video).mp3,17,MK,,,196676
Favorites/Moderat - Bad Kingdom.mp3,Bad Kingdom,Moderat,,,265587
Favorites/Mory Kante - Yeke Yeke (Afro-Acid Remix).mp3,Yeke Yeke (Afro-Acid Remix),Mory Kante,,,328438
Favorites/MOUNT & Nicolas Haelg - Something Good (Original Mix).mp3,Something Good,MOUNT & Nicolas Haelg,,,270211
"Favorites/Mr. Belt & Wezol, Daser - Faith (Official Music Video).mp3",Faith,"Mr. Belt & Wezol, Daser",,,214413
Favorites/Muzzaik & Stadiumx - So Much Love (Official Music Video) - Copy (1).mp3,So Much Love - Copy (1),Muzzaik & Stadiumx,,,200176
Favorites/Muzzaik & Stadiumx - So Much Love (Official Music Video).mp3,So Much Love,Muzzaik & Stadiumx,,,200176
Favorites/Nari & Milani feat. Tava - Twilight - Copy (1).mp3,Twilight - Copy (1),Nari & Milani feat. Tava,,,211278
Favorites/Nari & Milani feat. Tava - Twilight.mp3,Twilight,Nari & Milani feat. Tava,,,211278
Favorites/Oliver $ & Jimi Jules - Pushing On (Official Video).mp3,Pushing On,Oliver $ & Jimi Jules,,,176797
Favorites/Oliver Heldens - I Don't Wanna Go Home (Official Music Video) - Copy (1).mp3,I Don't Wanna Go Home - Copy (1),Oliver Heldens,,,209842
Favorites/Oliver Heldens - I Don't Wanna Go Home (Official Music Video) - Copy (2).mp3,I Don't Wanna Go Home - Copy (2),Oliver Heldens,,,209842
Favorites/Oliver Heldens - I Don't Wanna Go Home (Official Music Video).mp3,I Don't Wanna Go Home,Oliver Heldens,,,209842
Favorites/Oliver Heldens feat. Ida Corr - Good Life (Florian Picasso Remix) - Copy (1).mp3,Good Life (Florian Picasso Remix) - Copy (1),Oliver Heldens feat. Ida Corr,,,215301
Favorites/Oliver Heldens feat. Ida Corr - Good Life (Florian Picasso Remix).mp3,Good Life (Florian Picasso Remix),Oliver Heldens feat. Ida Corr,,,215301
Favorites/Osrin & Stemalø - Take Him Home.mp3,Take Him Home,Osrin & Stemalø,,,186044
Favorites/Oxia - Domino (Zonderling Edit).mp3,Domino (Zonderling Edit),Oxia,,,382746
Favorites/Paul Ritch - Run Baby Run (Original Mix) [Drumcode].mp3,Run Baby Run [Drumcode],Paul Ritch,,,501081
Favorites/PBH & Jack Shizzle - Bring The House.mp3,Bring The House,PBH & Jack Shizzle,,,173767
Favorites/Pep & Rash X Lucas & Steve - Feel Alive (Original Mix) (Spinnin Records) ( Available Soon).mp3,Feel Alive (Spinnin Records) ( Available Soon),Pep & Rash X Lucas & Steve,,,170789
Favorites/Placebo - Running Up That Hill (Dibby Dougherty & David Young's 'DhARMA' Remix).mp3,Running Up That Hill (Dibby Dougherty & David Young's 'DhARMA' Remix),Placebo,,,391863
Favorites/Pryda & Empire of The Sun - We mirage the people.mp3,We mirage the people,Pryda & Empire of The Sun,,,442488
Favorites/Purple Disco Machine - My House (Original Mix).mp3,My House,Purple Disco Machine,,,370051
Favorites/Raiden & Tom Tyger - C’est La Vibe.mp3,C’est La Vibe,Raiden & Tom Tyger,,,168725
Favorites/Redondo & DeepMe - White Keys (Official Music Video).mp3,White Keys,Redondo & DeepMe,,,200908
Favorites/REESE x HMLTN - Body On Me.mp3,Body On Me,REESE x HMLTN,,,237584
Favorites/Route 94 - My Love (Official Video) ft. Jess Glynne.mp3,My Love ft. Jess Glynne,Route 94,,,190224
Favorites/Roy Greco - Comeback - Copy (1).mp3,Comeback - Copy (1),Roy Greco,,,245055
Favorites/Roy Greco - Comeback.mp3,Comeback,Roy Greco,,,245055
Favorites/Ryan Blyth & After 6 -  Show Me (ft. Malisha Bleau) - Copy (1).mp3,Show Me (ft. Malisha Bleau) - Copy (1),Ryan Blyth & After 6,,,300042
Favorites/Ryan Blyth & After 6 -  Show Me (ft. Malisha Bleau).mp3,Show Me (ft. Malisha Bleau),Ryan Blyth & After 6,,,300042
Favorites/SG Lewis - Hurting (ft. AlunaGeorge).mp3,Hurting (ft. AlunaGeorge),SG Lewis,,,185156
Favorites/Showtek & MOTi - Down Easy (Zonderling Remix) (ft. Starley & Wyclef Jean).mp3,Down Easy (Zonderling Remix) (ft. Starley & Wyclef Jean),Showtek & MOTi,,,167393
Favorites/Soleeman - Into the Deep (Tripping Melodic Techno).mp3,Into the Deep (Tripping Melodic Techno),Soleeman,,,493740
Favorites/Tchami & AC Slater - Missing You ft. Kaleem Taylor.mp3,Missing You ft. Kaleem Taylor,Tchami & AC Slater,,,223869
Favorites/The Aston Shuffle - Only 1 feat. Nathaniel S Lewis.mp3,Only 1 feat. Nathaniel S Lewis,The Aston Shuffle,,,232281
Favorites/The Aston Shuffle - Pass You By.mp3,Pass You By,The Aston Shuffle,,,223321
Favorites/The Ian Carey Project - Get Shaky [Official Music Video].mp3,Get Shaky,The Ian Carey Project,,,177842
Favorites/The Maneken - The Recipe - Copy (1).mp3,The Recipe - Copy (1),The Maneken,,,291814
Favorites/The Maneken - The Recipe - Copy (2).mp3,The Recipe - Copy (2),The Maneken,,,291814
Favorites/The Maneken - The Recipe.mp3,The Recipe,The Maneken,,,291814
Favorites/The Potbelleez - Keep On Loving (Official Music Video).mp3,Keep On Loving,The Potbelleez,,,197068
Favorites/The Shapeshifters - Helter Skelter [OFFICIAL VIDEO].mp3,Helter Skelter,The Shapeshifters,,,160052
Favorites/The Weeknd - Can't Feel My Face (Martin Garrix Remix) (Official Music Video) - Copy (1).mp3,Can't Feel My Face (Martin Garrix Remix) - Copy (1),The Weeknd,,,253309
Favorites/The Weeknd - Can't Feel My Face (Martin Garrix Remix) (Official Music Video) - Copy (2).mp3,Can't Feel My Face (Martin Garrix Remix) - Copy (2),The Weeknd,,,253309
Favorites/The Weeknd - Can't Feel My Face (Martin Garrix Remix) (Official Music Video) - Copy (3).mp3,Can't Feel My Face (Martin Garrix Remix) - Copy (3),The Weeknd,,,253309
Favorites/The Weeknd - Can't Feel My Face (Martin Garrix Remix) (Official Music Video) - Copy (4).mp3,Can't Feel My Face (Martin Garrix Remix) - Copy (4),The Weeknd,,,253309
Favorites/The Weeknd - Can't Feel My Face (Martin Garrix Remix) (Official Music Video).mp3,Can't Feel My Face (Martin Garrix Remix),The Weeknd,,,253309
Favorites/Three Drives - Greece 2000 (Original Mix).mp3,Greece 2000,Three Drives,,,487445
Favorites/Tiefenrausch - Running Up That Hill (Original Mix).mp3,Running Up That Hill,Tiefenrausch,,,362423
Favorites/Tom Ferry - Forbidden Love (Dub Mix).mp3,Forbidden Love (Dub Mix),Tom Ferry,,,207438
Favorites/Tom Reev - Outrage.mp3,Outrage,Tom Reev,,,213055
Favorites/Totally Enormous Extinct Dinosaurs - Garden (Original Video) - Copy (1).mp3,Garden (Original Video) - Copy (1),Totally Enormous Extinct Dinosaurs,,,228728
Favorites/Totally Enormous Extinct Dinosaurs - Garden (Original Video) - Copy (2).mp3,Garden (Original Video) - Copy (2),Totally Enormous Extinct Dinosaurs,,,228728
Favorites/Totally Enormous Extinct Dinosaurs - Garden (Original Video).mp3,Garden (Original Video),Totally Enormous Extinct Dinosaurs,,,228728
Favorites/Tujamo - DJsounds Show 2016 (2hr NXS2 set).mp3,DJsounds Show 2016 (2hr NXS2 set),Tujamo,,,7097600
Favorites/Tujamo - Make U Love Me (Official Music Video).mp3,Make U Love Me,Tujamo,,,193202
Favorites/Underworld - Born Slippy (FonograF & Panniko remix).mp3,Born Slippy (FonograF & Panniko remix),Underworld,,,450952
Favorites/Uplink x Sweet & Sour Ft. Dim Wilder - Dance With Me.mp3,Dance With Me,Uplink x Sweet & Sour Ft. Dim Wilder,,,234031
"Favorites/Vintage Culture, Selva & Lazy Bear - Why Don't U Love (Official Music Video).mp3",Why Don't U Love,"Vintage Culture, Selva & Lazy Bear",,,214152
Favorites/WATEVA - Amnesia (ft. Alia).mp3,Amnesia (ft. Alia),WATEVA,,,204251
Favorites/WHTKD - Tell Me - Copy (1).mp3,Tell Me - Copy (1),WHTKD,,,235207
Favorites/WHTKD - Tell Me.mp3,Tell Me,WHTKD,,,235207
Favorites/Will Sparks - Monsta - Copy (1).mp3,Monsta - Copy (1),Will Sparks,,,233848
Favorites/Will Sparks - Monsta.mp3,Monsta,Will Sparks,,,233848
Favorites/Zedd - Beautiful Now (Zonderling Remix).mp3,Beautiful Now (Zonderling Remix),Zedd,,,235180
Favorites/Zonderling - Tunnel Vision (Don Diablo Edit) [Official Music Video] - Copy (1).mp3,Tunnel Vision (Don Diablo Edit) - Copy (1),Zonderling,,,220082
Favorites/Zonderling - Tunnel Vision (Don Diablo Edit) [Official Music Video] - Copy (2).mp3,Tunnel Vision (Don Diablo Edit) - Copy (2),Zonderling,,,220082
Favorites/Zonderling - Tunnel Vision (Don Diablo Edit) [Official Music Video].mp3,Tunnel Vision (Don Diablo Edit),Zonderling,,,220082
Favorites/Zoo Brazil feat. Rasmus Kellerman - There Is Hope [HD].mp3,There Is Hope,Zoo Brazil feat. Rasmus Kellerman,,,365923